crew_id,duty_id,hours_flown_24h,hours_flown_72h,sectors_last_7_days,timezone_displacement_hours,layover_quality_score,circadian_misalignment,sick_leave_last_90_days,consecutive_duty_days,forward_schedule_stress,swap_request_count_7d,wellness_score,label_called_unfit,base,aircraft_type,habitual_sleep_start,habitual_sleep_end,duty_start,duty_end,report_time_local,route,layover_start,layover_end,sleep_opportunity_hours,hotel_tier,timestamp,late_checkin_count_30d,fatigue_report_count
C1186,D88910,1.8,6.1,1,-2,0.39,0.76,2,1,0.59,1,0.15,1,BLR,B737,22:00,06:15,2026-02-01T00:00:00,2026-02-01T11:06:00,23:30,"[""BOM"", ""BLR"", ""BOM""]",2026-02-01T11:48:00,2026-02-02T01:42:00,6.8,3,2026-02-01T00:00:00,0,0
C1048,D88911,5.8,18.5,16,1,0.28,0.93,2,6,0.58,2,0.3,1,COK,B787,22:30,06:15,2026-02-02T07:13:00,2026-02-02T18:13:00,06:43,"[""PNQ"", ""BOM"", ""PNQ""]",2026-02-02T18:36:00,2026-02-03T12:36:00,5.8,3,2026-02-02T03:17:00,2,0
C1132,D88912,1.9,2.5,0,1,0.82,0.13,0,1,0.28,0,0.58,0,MAA,A321,22:30,08:15,2026-02-03T14:26:00,2026-02-03T23:02:00,13:56,"[""HYD"", ""PNQ"", ""HYD""]",2026-02-03T23:22:00,2026-02-04T15:40:00,7.7,4,2026-02-03T06:34:00,0,0
C1222,D88913,6.9,17.6,16,0,0.76,0.29,3,8,0.4,1,0.68,0,BOM,A321,22:00,08:00,2026-02-04T21:39:00,2026-02-05T06:33:00,21:09,"[""DEL"", ""BOM"", ""BLR"", ""DEL""]",2026-02-05T06:49:00,2026-02-06T01:43:00,7.2,5,2026-02-04T09:51:00,2,1
C1041,D88914,1.1,4.0,7,0,0.75,0.09,0,2,0.16,1,0.71,0,HYD,A320,22:00,06:15,2026-02-05T04:52:00,2026-02-05T13:34:00,04:22,"[""COK"", ""MAA"", ""COK""]",2026-02-05T14:04:00,2026-02-06T03:46:00,9.0,3,2026-02-05T12:08:00,0,1
C1125,D88915,0.9,1.8,6,-1,0.85,0.33,1,2,0.23,0,0.77,0,MAA,A320,22:45,08:30,2026-02-06T11:05:00,2026-02-06T22:47:00,10:35,"[""HYD"", ""MAA"", ""HYD""]",2026-02-06T23:23:00,2026-02-07T17:05:00,9.9,5,2026-02-06T15:25:00,1,1
C1084,D88916,1.8,4.9,10,-1,0.55,0.84,0,2,0.9,1,0.15,1,MAA,B787,23:00,06:45,2026-02-07T18:18:00,2026-02-08T05:36:00,17:48,"[""DEL"", ""BOM"", ""DEL"", ""HYD""]",2026-02-08T05:51:00,2026-02-08T20:33:00,6.1,2,2026-02-07T18:42:00,1,0
C1056,D88917,1.4,6.0,6,1,0.57,0.57,0,3,0.47,0,0.7,0,PNQ,A321,22:45,06:15,2026-02-08T01:31:00,2026-02-08T12:25:00,01:01,"[""DEL"", ""PNQ"", ""DEL"", ""BOM""]",2026-02-08T13:05:00,2026-02-09T08:29:00,10.2,3,2026-02-08T21:59:00,0,0
C1194,D88918,3.2,2.8,12,0,0.7,0.17,0,1,0.52,0,0.59,0,DEL,A320,23:30,08:30,2026-02-09T08:44:00,2026-02-09T18:26:00,08:14,"[""PNQ"", ""BOM"", ""PNQ""]",2026-02-09T18:44:00,2026-02-10T09:50:00,8.4,4,2026-02-09T00:16:00,0,0
C1170,D88919,5.3,14.9,25,-1,0.44,0.6,2,6,0.58,3,0.34,1,MAA,B737,23:45,07:15,2026-02-10T15:57:00,2026-02-11T01:57:00,15:27,"[""HYD"", ""PNQ"", ""HYD""]",2026-02-11T02:40:00,2026-02-11T22:22:00,5.5,3,2026-02-10T03:33:00,0,2
C1211,D88920,4.9,15.2,25,2,0.36,0.79,3,4,0.85,1,0.49,1,HYD,A320,22:00,07:15,2026-02-11T22:10:00,2026-02-12T09:22:00,21:40,"[""BOM"", ""HYD"", ""BOM"", ""BLR""]",2026-02-12T09:53:00,2026-02-13T05:47:00,5.5,3,2026-02-11T06:50:00,2,1
C1175,D88921,7.1,16.3,23,0,0.52,0.56,4,7,0.54,3,0.14,1,DEL,A321,23:45,08:00,2026-02-12T05:23:00,2026-02-12T16:47:00,04:53,"[""HYD"", ""PNQ"", ""HYD""]",2026-02-12T17:20:00,2026-02-13T08:20:00,5.9,3,2026-02-12T09:07:00,0,3
C1024,D88922,1.3,4.2,6,0,0.74,0.46,0,2,0.41,0,0.57,0,BLR,B787,23:00,07:00,2026-02-13T12:36:00,2026-02-13T23:36:00,12:06,"[""DEL"", ""BOM"", ""DEL"", ""HYD""]",2026-02-14T00:21:00,2026-02-14T15:09:00,7.9,4,2026-02-13T12:24:00,1,1
C1189,D88923,4.0,6.3,5,2,0.53,0.86,1,3,0.64,1,0.28,1,BLR,B787,23:00,08:30,2026-02-14T19:49:00,2026-02-15T03:55:00,19:19,"[""BLR"", ""HYD"", ""BLR"", ""MAA""]",2026-02-15T04:36:00,2026-02-15T20:30:00,5.7,1,2026-02-14T15:41:00,0,0
C1133,D88924,2.6,7.4,10,0,0.69,0.34,0,2,0.27,0,0.64,0,MAA,A320,22:00,06:45,2026-02-15T02:02:00,2026-02-15T12:02:00,01:32,"[""HYD"", ""PNQ"", ""HYD""]",2026-02-15T12:24:00,2026-02-16T05:54:00,9.9,4,2026-02-15T18:58:00,0,1
C1188,D88925,1.9,1.0,4,0,0.8,0.06,0,2,0.14,0,0.79,0,BOM,B737,22:30,06:15,2026-02-16T09:15:00,2026-02-16T18:21:00,08:45,"[""DEL"", ""BOM"", ""DEL"", ""HYD""]",2026-02-16T18:53:00,2026-02-17T09:11:00,10.3,4,2026-02-16T21:15:00,0,0
C1055,D88926,2.5,2.5,0,0,0.76,0.15,1,1,0.24,0,0.85,0,BLR,B787,23:00,08:00,2026-02-17T16:28:00,2026-02-18T04:16:00,15:58,"[""HYD"", ""MAA"", ""HYD""]",2026-02-18T04:51:00,2026-02-18T18:33:00,9.3,4,2026-02-17T00:32:00,1,0
C1192,D88927,1.8,4.4,12,0,0.42,0.95,0,1,0.6,0,0.24,1,COK,B737,23:00,06:15,2026-02-18T23:41:00,2026-02-19T11:29:00,23:11,"[""MAA"", ""DEL"", ""MAA""]",2026-02-19T12:11:00,2026-02-20T04:47:00,4.7,3,2026-02-18T03:49:00,0,1
C1028,D88928,2.5,3.5,1,-1,0.79,0.24,0,1,0.35,0,0.54,0,PNQ,A320,23:45,06:15,2026-02-19T06:54:00,2026-02-19T17:00:00,06:24,"[""DEL"", ""MAA"", ""DEL""]",2026-02-19T17:39:00,2026-02-20T09:39:00,9.8,5,2026-02-19T06:06:00,0,0
C1136,D88929,1.2,4.7,2,1,0.87,0.16,1,3,0.45,0,0.73,0,BOM,A321,22:30,07:30,2026-02-20T13:07:00,2026-02-21T00:49:00,12:37,"[""PNQ"", ""BOM"", ""PNQ""]",2026-02-21T01:12:00,2026-02-21T19:48:00,8.2,4,2026-02-20T09:23:00,0,0
C1095,D88930,3.2,5.2,11,0,0.8,0.19,1,1,0.42,0,0.9,0,MAA,B737,22:45,06:45,2026-02-21T20:20:00,2026-02-22T04:26:00,19:50,"[""DEL"", ""BLR"", ""DEL""]",2026-02-22T04:54:00,2026-02-22T23:54:00,8.3,5,2026-02-21T12:40:00,0,1
C1062,D88931,7.3,14.6,25,-1,0.57,0.62,4,3,0.47,3,0.15,1,HYD,A321,22:45,08:15,2026-02-22T03:33:00,2026-02-22T12:15:00,03:03,"[""BOM"", ""BLR"", ""BOM""]",2026-02-22T12:49:00,2026-02-23T07:49:00,6.4,2,2026-02-22T15:57:00,2,1
C1181,D88932,2.2,5.3,2,0,0.71,0.51,1,2,0.66,1,0.57,0,DEL,B787,23:00,08:00,2026-02-23T10:46:00,2026-02-23T22:22:00,10:16,"[""BLR"", ""COK"", ""BLR""]",2026-02-23T22:52:00,2026-02-24T17:34:00,9.4,4,2026-02-23T18:14:00,1,0
C1096,D88933,1.3,6.7,2,1,0.83,0.05,0,3,0.47,0,0.83,0,PNQ,A320,23:00,06:15,2026-02-24T17:59:00,2026-02-25T05:23:00,17:29,"[""BLR"", ""COK"", ""BLR""]",2026-02-25T05:59:00,2026-02-26T01:47:00,9.7,4,2026-02-24T21:31:00,0,0
C1165,D88934,7.4,12.3,22,0,0.56,0.57,0,7,0.59,3,0.39,1,BOM,B787,23:30,08:45,2026-02-25T00:12:00,2026-02-25T10:30:00,23:42,"[""BLR"", ""COK"", ""BLR""]",2026-02-25T10:49:00,2026-02-26T05:55:00,5.0,3,2026-02-25T00:48:00,2,2
C1190,D88935,6.6,14.6,20,-1,0.46,0.61,1,6,0.78,1,0.21,1,DEL,A321,22:15,07:15,2026-02-26T07:25:00,2026-02-26T18:37:00,06:55,"[""DEL"", ""MAA"", ""DEL""]",2026-02-26T18:52:00,2026-02-27T09:04:00,7.3,2,2026-02-26T03:05:00,2,2
C1060,D88936,1.8,6.6,0,-1,0.67,0.3,0,1,0.55,0,0.77,0,HYD,A320,23:45,06:00,2026-02-27T14:38:00,2026-02-27T23:56:00,14:08,"[""DEL"", ""BLR"", ""DEL""]",2026-02-28T00:13:00,2026-02-28T13:13:00,7.6,4,2026-02-27T06:22:00,0,0
C1182,D88937,2.2,3.9,9,-1,0.75,0.14,0,1,0.21,0,0.83,0,PNQ,A321,22:30,08:00,2026-02-28T21:51:00,2026-03-01T07:27:00,21:21,"[""MAA"", ""DEL"", ""MAA""]",2026-03-01T08:03:00,2026-03-02T03:33:00,7.3,4,2026-02-28T09:39:00,0,0
C1131,D88938,2.5,7.6,10,0,0.81,0.54,0,2,0.24,0,0.84,0,BLR,A320,22:15,08:45,2026-03-01T04:04:00,2026-03-01T12:22:00,03:34,"[""BLR"", ""COK"", ""BLR""]",2026-03-01T12:57:00,2026-03-02T08:45:00,8.4,4,2026-03-01T12:56:00,0,0
C1046,D88939,0.9,4.6,3,0,0.64,0.16,0,1,0.45,0,0.72,0,BOM,B737,22:15,07:30,2026-03-02T11:17:00,2026-03-02T20:35:00,10:47,"[""DEL"", ""BOM"", ""DEL"", ""HYD""]",2026-03-02T21:05:00,2026-03-03T15:05:00,8.6,3,2026-03-02T15:13:00,1,0
C1067,D88940,4.3,8.1,12,-1,0.48,0.83,2,4,0.62,2,0.22,1,MAA,A321,23:30,08:15,2026-03-03T18:30:00,2026-03-04T03:24:00,18:00,"[""DEL"", ""BLR"", ""DEL""]",2026-03-04T03:47:00,2026-03-04T17:23:00,5.3,3,2026-03-03T18:30:00,1,0
C1177,D88941,1.2,5.2,8,1,0.64,0.68,0,1,0.6,1,0.26,1,HYD,A320,23:00,08:15,2026-03-04T01:43:00,2026-03-04T09:55:00,01:13,"[""BLR"", ""COK"", ""BLR""]",2026-03-04T10:24:00,2026-03-05T06:18:00,5.6,1,2026-03-04T21:47:00,0,1
C1157,D88942,4.9,16.7,18,-1,0.63,0.33,3,6,0.55,2,1.0,0,DEL,B737,23:15,06:30,2026-03-05T08:56:00,2026-03-05T20:44:00,08:26,"[""COK"", ""MAA"", ""COK""]",2026-03-05T21:05:00,2026-03-06T10:53:00,9.0,4,2026-03-05T00:04:00,1,2
C1058,D88943,4.5,7.9,4,0,0.55,0.85,1,4,0.98,0,0.24,1,PNQ,A321,22:30,06:45,2026-03-06T15:09:00,2026-03-07T02:39:00,14:39,"[""PNQ"", ""BOM"", ""PNQ""]",2026-03-07T03:23:00,2026-03-07T16:11:00,5.9,2,2026-03-06T03:21:00,1,0
C1155,D88944,1.2,6.6,3,1,0.95,0.11,0,2,0.49,0,0.56,0,HYD,A320,22:00,07:15,2026-03-07T22:22:00,2026-03-08T09:40:00,21:52,"[""PNQ"", ""BOM"", ""PNQ""]",2026-03-08T10:25:00,2026-03-09T04:13:00,8.9,4,2026-03-07T06:38:00,0,0
C1158,D88945,7.2,15.8,14,0,0.93,0.29,3,6,0.29,3,0.9,0,BLR,A321,22:30,06:00,2026-03-08T05:35:00,2026-03-08T14:59:00,05:05,"[""DEL"", ""PNQ"", ""DEL"", ""BOM""]",2026-03-08T15:40:00,2026-03-09T08:46:00,9.2,3,2026-03-08T09:55:00,1,1
C1222,D88946,3.6,5.2,1,1,0.81,0.28,0,1,0.36,1,0.86,0,BLR,A321,23:45,07:30,2026-03-09T12:48:00,2026-03-10T00:00:00,12:18,"[""BLR"", ""COK"", ""BLR""]",2026-03-10T00:28:00,2026-03-10T13:04:00,9.8,4,2026-03-09T12:12:00,0,0
C1177,D88947,1.0,3.5,0,0,0.62,0.58,0,2,0.36,0,0.91,0,DEL,A321,22:15,08:30,2026-03-10T19:01:00,2026-03-11T04:25:00,18:31,"[""DEL"", ""MAA"", ""DEL""]",2026-03-11T04:41:00,2026-03-11T21:29:00,9.8,4,2026-03-10T15:29:00,1,0
C1196,D88948,1.5,3.7,1,1,0.74,0.38,0,2,0.25,1,0.88,0,COK,B737,22:30,07:15,2026-03-11T02:14:00,2026-03-11T13:02:00,01:44,"[""DEL"", ""BOM"", ""BLR"", ""DEL""]",2026-03-11T13:39:00,2026-03-12T06:45:00,10.3,4,2026-03-11T18:46:00,0,0
C1115,D88949,1.2,1.9,3,0,0.59,0.26,0,1,0.15,0,0.68,0,PNQ,A320,22:15,07:15,2026-03-12T09:27:00,2026-03-12T18:03:00,08:57,"[""DEL"", ""BOM"", ""BLR"", ""DEL""]",2026-03-12T18:40:00,2026-03-13T08:28:00,9.0,5,2026-03-12T21:03:00,0,0
C1155,D88950,3.1,2.4,10,0,0.81,0.22,1,1,0.24,1,0.7,0,PNQ,B787,23:45,06:00,2026-03-13T16:40:00,2026-03-14T01:16:00,16:10,"[""BLR"", ""HYD"", ""BLR"", ""MAA""]",2026-03-14T01:46:00,2026-03-14T17:28:00,8.9,3,2026-03-13T00:20:00,0,0
C1110,D88951,1.4,6.0,10,1,0.7,0.34,0,1,0.33,0,0.75,0,HYD,B787,22:15,08:30,2026-03-14T23:53:00,2026-03-15T08:05:00,23:23,"[""BOM"", ""COK"", ""BOM""]",2026-03-15T08:35:00,2026-03-16T01:23:00,9.7,3,2026-03-14T03:37:00,1,0
C1190,D88952,1.3,1.2,0,0,0.69,0.52,1,1,0.38,1,0.77,0,DEL,A320,22:15,08:30,2026-03-15T06:06:00,2026-03-15T17:18:00,05:36,"[""PNQ"", ""BOM"", ""PNQ""]",2026-03-15T17:47:00,2026-03-16T06:59:00,8.0,5,2026-03-15T06:54:00,1,0
C1154,D88953,6.8,14.6,20,1,0.58,0.71,2,7,0.68,3,0.16,1,BOM,A321,22:00,06:00,2026-03-16T13:19:00,2026-03-16T23:07:00,12:49,"[""BLR"", ""HYD"", ""BLR"", ""MAA""]",2026-03-16T23:26:00,2026-03-17T14:44:00,6.4,3,2026-03-16T09:11:00,3,2
C1075,D88954,2.8,7.7,12,0,0.67,0.42,0,3,0.5,0,0.76,0,BLR,B787,23:30,07:00,2026-03-17T20:32:00,2026-03-18T06:50:00,20:02,"[""PNQ"", ""BOM"", ""PNQ""]",2026-03-18T07:17:00,2026-03-19T02:29:00,9.6,4,2026-03-17T12:28:00,0,1
C1124,D88955,3.5,6.6,4,0,0.85,0.06,0,2,0.13,0,0.68,0,HYD,B787,23:15,07:30,2026-03-18T03:45:00,2026-03-18T12:51:00,03:15,"[""DEL"", ""BOM"", ""DEL"", ""HYD""]",2026-03-18T13:35:00,2026-03-19T07:41:00,7.6,3,2026-03-18T15:45:00,0,1
C1189,D88956,1.9,6.8,1,-1,0.8,0.2,0,1,0.43,0,0.71,0,COK,A321,22:30,07:15,2026-03-19T10:58:00,2026-03-19T19:40:00,10:28,"[""MAA"", ""DEL"", ""MAA""]",2026-03-19T20:15:00,2026-03-20T15:27:00,8.6,4,2026-03-19T18:02:00,0,1
C1132,D88957,0.6,6.4,3,-1,0.67,0.0,0,2,0.45,0,0.79,0,MAA,A321,22:15,07:15,2026-03-20T17:11:00,2026-03-21T02:59:00,16:41,"[""DEL"", ""MAA"", ""DEL""]",2026-03-21T03:25:00,2026-03-21T18:43:00,9.5,4,2026-03-20T21:19:00,0,0
C1163,D88958,6.0,12.9,22,0,0.73,0.01,4,6,0.42,3,0.58,0,DEL,A320,23:30,08:00,2026-03-21T00:24:00,2026-03-21T10:36:00,23:54,"[""DEL"", ""BOM"", ""DEL"", ""HYD""]",2026-03-21T11:20:00,2026-03-22T06:32:00,9.8,5,2026-03-21T00:36:00,3,0
C1143,D88959,4.9,9.6,2,2,0.34,0.79,1,2,0.7,0,0.29,1,BOM,A321,22:00,08:00,2026-03-22T07:37:00,2026-03-22T17:25:00,07:07,"[""BOM"", ""HYD"", ""BOM"", ""BLR""]",2026-03-22T18:02:00,2026-03-23T13:02:00,6.4,1,2026-03-22T03:53:00,0,1
C1085,D88960,1.9,3.3,2,1,0.78,0.32,0,1,0.44,1,0.54,0,HYD,A321,23:45,06:45,2026-03-23T14:50:00,2026-03-23T23:50:00,14:20,"[""HYD"", ""MAA"", ""HYD""]",2026-03-24T00:14:00,2026-03-24T19:08:00,9.3,4,2026-03-23T06:10:00,0,0
C1059,D88961,3.0,5.1,5,0,0.87,0.0,0,2,0.36,0,0.71,0,COK,A320,23:15,08:15,2026-03-24T21:03:00,2026-03-25T06:39:00,20:33,"[""HYD"", ""MAA"", ""HYD""]",2026-03-25T07:11:00,2026-03-25T21:47:00,9.4,3,2026-03-24T09:27:00,0,0
C1095,D88962,6.6,15.7,19,-1,0.51,0.5,2,7,0.56,3,0.23,1,BLR,B787,23:45,06:30,2026-03-25T04:16:00,2026-03-25T12:58:00,03:46,"[""BLR"", ""COK"", ""BLR""]",2026-03-25T13:30:00,2026-03-26T05:24:00,6.2,2,2026-03-25T12:44:00,3,0
C1161,D88963,5.2,14.0,22,0,0.78,0.24,2,5,0.43,3,0.71,0,PNQ,B737,23:45,06:30,2026-03-26T11:29:00,2026-03-26T23:17:00,10:59,"[""COK"", ""MAA"", ""COK""]",2026-03-26T23:50:00,2026-03-27T13:44:00,8.2,4,2026-03-26T15:01:00,2,3
C1201,D88964,0.8,5.0,15,2,0.39,0.77,1,2,0.45,2,0.26,1,MAA,A321,23:30,07:15,2026-03-27T18:42:00,2026-03-28T05:54:00,18:12,"[""BLR"", ""COK"", ""BLR""]",2026-03-28T06:32:00,2026-03-28T19:08:00,5.4,2,2026-03-27T18:18:00,0,0
C1213,D88965,0.8,4.2,0,1,0.6,0.33,1,2,0.22,0,0.79,0,BLR,B787,23:30,06:15,2026-03-28T01:55:00,2026-03-28T10:13:00,01:25,"[""BLR"", ""HYD"", ""BLR"", ""MAA""]",2026-03-28T10:42:00,2026-03-29T03:12:00,7.9,3,2026-03-28T21:35:00,1,0
C1154,D88966,0.3,4.3,2,0,0.59,0.19,1,2,0.31,0,0.53,0,BOM,B787,22:15,07:00,2026-03-29T08:08:00,2026-03-29T19:56:00,07:38,"[""DEL"", ""PNQ"", ""DEL"", ""BOM""]",2026-03-29T20:37:00,2026-03-30T13:37:00,9.3,5,2026-03-29T00:52:00,0,0
C1107,D88967,2.1,7.9,9,1,0.62,0.37,0,1,0.4,1,0.83,0,PNQ,A320,23:45,06:30,2026-03-30T15:21:00,2026-03-31T00:21:00,14:51,"[""BOM"", ""HYD"", ""BOM"", ""BLR""]",2026-03-31T00:40:00,2026-03-31T18:22:00,9.6,4,2026-03-30T03:09:00,0,0
C1119,D88968,2.5,7.5,3,0,0.56,0.67,1,1,0.67,2,0.1,1,BLR,B737,23:45,06:45,2026-03-31T22:34:00,2026-04-01T07:58:00,22:04,"[""BOM"", ""BLR"", ""BOM""]",2026-04-01T08:27:00,2026-04-02T02:15:00,6.4,2,2026-03-31T06:26:00,1,1
C1138,D88969,5.8,17.5,16,1,0.58,0.71,0,6,0.57,1,0.17,1,PNQ,A321,23:30,06:45,2026-04-01T05:47:00,2026-04-01T14:17:00,05:17,"[""BOM"", ""HYD"", ""BOM"", ""BLR""]",2026-04-01T14:59:00,2026-04-02T06:53:00,6.2,1,2026-04-01T09:43:00,0,1
C1186,D88970,6.1,15.7,16,-1,0.42,0.78,2,5,0.8,3,0.36,1,PNQ,B787,22:30,06:45,2026-04-02T12:00:00,2026-04-02T20:30:00,11:30,"[""MAA"", ""DEL"", ""MAA""]",2026-04-02T20:57:00,2026-04-03T16:39:00,5.6,2,2026-04-02T12:00:00,0,1
C1152,D88971,1.6,3.9,10,1,0.68,0.3,0,2,0.58,0,0.9,0,COK,A321,23:00,07:30,2026-04-03T19:13:00,2026-04-04T04:37:00,18:43,"[""MAA"", ""DEL"", ""MAA""]",2026-04-04T04:54:00,2026-04-04T20:24:00,9.4,3,2026-04-03T15:17:00,0,0
C1053,D88972,1.4,7.6,9,-1,0.82,0.42,1,3,0.4,0,0.83,0,COK,A321,22:15,08:30,2026-04-04T02:26:00,2026-04-04T13:44:00,01:56,"[""HYD"", ""PNQ"", ""HYD""]",2026-04-04T14:25:00,2026-04-05T07:49:00,10.3,3,2026-04-04T18:34:00,0,0
C1148,D88973,7.0,16.7,21,-1,0.62,0.82,4,4,0.75,1,0.4,1,BOM,B787,23:00,06:00,2026-04-05T09:39:00,2026-04-05T20:09:00,09:09,"[""MAA"", ""DEL"", ""MAA""]",2026-04-05T20:38:00,2026-04-06T08:44:00,6.5,3,2026-04-05T21:51:00,2,2
C1063,D88974,5.7,12.1,17,1,0.87,0.22,2,7,0.55,3,0.52,0,BLR,B737,23:15,07:15,2026-04-06T16:52:00,2026-04-07T03:28:00,16:22,"[""BOM"", ""HYD"", ""BOM"", ""BLR""]",2026-04-07T03:47:00,2026-04-07T16:17:00,8.0,3,2026-04-06T00:08:00,1,2
C1167,D88975,6.3,14.9,19,-1,0.5,0.62,1,6,0.78,4,0.48,1,BLR,A320,22:45,07:00,2026-04-07T23:05:00,2026-04-08T08:05:00,22:35,"[""BOM"", ""HYD"", ""BOM"", ""BLR""]",2026-04-08T08:39:00,2026-04-08T21:15:00,6.0,3,2026-04-07T03:25:00,0,0
C1026,D88976,4.8,14.0,14,-1,0.86,0.21,1,8,0.29,4,0.89,0,DEL,A321,22:45,06:45,2026-04-08T06:18:00,2026-04-08T16:42:00,05:48,"[""DEL"", ""BOM"", ""DEL"", ""HYD""]",2026-04-08T17:06:00,2026-04-09T10:24:00,8.2,3,2026-04-08T06:42:00,1,2
C1191,D88977,0.6,6.8,10,0,0.71,0.15,0,1,0.29,0,0.76,0,COK,A320,22:00,06:00,2026-04-09T13:31:00,2026-04-09T22:31:00,13:01,"[""COK"", ""MAA"", ""COK""]",2026-04-09T22:57:00,2026-04-10T14:03:00,8.2,5,2026-04-09T09:59:00,1,0
C1061,D88978,7.0,13.0,22,1,0.43,0.51,2,5,0.64,2,0.1,1,HYD,B737,23:15,08:15,2026-04-10T20:44:00,2026-04-11T05:20:00,20:14,"[""DEL"", ""BOM"", ""BLR"", ""DEL""]",2026-04-11T05:48:00,2026-04-11T18:00:00,6.8,2,2026-04-10T12:16:00,3,2
C1161,D88979,6.8,18.2,19,-2,0.48,0.76,1,7,0.45,2,0.25,1,BOM,B737,23:30,07:30,2026-04-11T03:57:00,2026-04-11T13:15:00,03:27,"[""BOM"", ""COK"", ""BOM""]",2026-04-11T13:37:00,2026-04-12T02:13:00,5.7,2,2026-04-11T15:33:00,0,1
C1074,D88980,2.1,8.8,15,0,0.48,0.57,1,3,0.7,1,0.14,1,HYD,A320,22:00,06:00,2026-04-12T10:10:00,2026-04-12T21:28:00,09:40,"[""HYD"", ""MAA"", ""HYD""]",2026-04-12T21:47:00,2026-04-13T11:23:00,6.2,1,2026-04-12T18:50:00,0,0
C1125,D88981,6.5,16.1,25,-1,0.34,0.81,3,3,0.71,0,0.15,1,MAA,A321,23:45,07:45,2026-04-13T17:23:00,2026-04-14T01:35:00,16:53,"[""BOM"", ""COK"", ""BOM""]",2026-04-14T02:02:00,2026-04-14T15:08:00,5.5,3,2026-04-13T21:07:00,0,0
C1074,D88982,2.9,2.6,11,-1,0.71,0.39,0,2,0.14,0,0.6,0,PNQ,B787,23:15,06:15,2026-04-14T00:36:00,2026-04-14T11:00:00,00:06,"[""HYD"", ""PNQ"", ""HYD""]",2026-04-14T11:38:00,2026-04-15T05:14:00,9.9,5,2026-04-14T00:24:00,1,0
C1174,D88983,1.5,3.1,5,-1,0.44,0.47,0,4,0.57,0,0.37,1,COK,B787,23:30,06:30,2026-04-15T07:49:00,2026-04-15T16:43:00,07:19,"[""DEL"", ""MAA"", ""DEL""]",2026-04-15T17:24:00,2026-04-16T06:48:00,5.2,2,2026-04-15T03:41:00,0,0
C1101,D88984,1.7,1.9,0,0,0.64,0.24,1,2,0.51,0,0.68,0,COK,A320,22:45,07:45,2026-04-16T14:02:00,2026-04-17T01:56:00,13:32,"[""DEL"", ""BOM"", ""BLR"", ""DEL""]",2026-04-17T02:24:00,2026-04-17T18:18:00,9.1,3,2026-04-16T06:58:00,0,1
C1119,D88985,5.8,18.9,23,-1,0.49,0.54,1,4,0.6,4,0.28,1,HYD,B737,23:30,06:00,2026-04-17T21:15:00,2026-04-18T05:27:00,20:45,"[""DEL"", ""MAA"", ""DEL""]",2026-04-18T05:59:00,2026-04-19T00:41:00,4.9,2,2026-04-17T09:15:00,0,0
C1062,D88986,1.8,3.7,1,2,0.33,0.54,1,3,0.68,0,0.26,1,PNQ,B787,23:15,07:30,2026-04-18T04:28:00,2026-04-18T12:46:00,03:58,"[""DEL"", ""BOM"", ""BLR"", ""DEL""]",2026-04-18T13:28:00,2026-04-19T07:10:00,6.2,3,2026-04-18T12:32:00,0,0
C1151,D88987,2.2,4.7,8,1,0.83,0.28,0,1,0.27,1,0.64,0,MAA,B787,22:45,06:15,2026-04-19T11:41:00,2026-04-19T21:59:00,11:11,"[""DEL"", ""MAA"", ""DEL""]",2026-04-19T22:38:00,2026-04-20T18:20:00,9.3,5,2026-04-19T15:49:00,0,0
C1048,D88988,2.2,1.2,3,1,0.71,0.24,1,2,0.25,0,0.83,0,BOM,B737,23:30,07:45,2026-04-20T18:54:00,2026-04-21T05:18:00,18:24,"[""BOM"", ""BLR"", ""BOM""]",2026-04-21T05:39:00,2026-04-21T21:09:00,9.8,3,2026-04-20T18:06:00,0,1
C1127,D88989,2.8,7.6,0,1,0.7,0.14,0,1,0.41,0,0.77,0,MAA,B737,23:15,07:00,2026-04-21T01:07:00,2026-04-21T10:13:00,00:37,"[""BLR"", ""HYD"", ""BLR"", ""MAA""]",2026-04-21T10:29:00,2026-04-21T23:47:00,8.7,4,2026-04-21T21:23:00,0,0
C1169,D88990,0.9,2.1,3,-1,0.87,0.28,0,2,0.17,1,0.78,0,MAA,B737,23:00,07:00,2026-04-22T08:20:00,2026-04-22T17:38:00,07:50,"[""BOM"", ""COK"", ""BOM""]",2026-04-22T18:13:00,2026-04-23T08:49:00,8.0,4,2026-04-22T00:40:00,0,0
C1093,D88991,7.0,18.8,20,1,0.38,0.83,2,4,0.6,1,0.47,1,PNQ,A321,23:00,07:15,2026-04-23T15:33:00,2026-04-24T02:33:00,15:03,"[""BLR"", ""COK"", ""BLR""]",2026-04-24T03:13:00,2026-04-24T19:43:00,5.5,2,2026-04-23T03:57:00,0,2
C1069,D88992,3.3,5.9,1,0,0.82,0.06,0,1,0.4,1,0.71,0,BOM,B737,22:00,07:30,2026-04-24T22:46:00,2026-04-25T09:16:00,22:16,"[""DEL"", ""BLR"", ""DEL""]",2026-04-25T09:41:00,2026-04-26T02:47:00,8.6,4,2026-04-24T06:14:00,1,0
C1024,D88993,1.1,7.5,8,1,0.83,0.33,0,1,0.29,0,0.61,0,PNQ,A320,23:30,07:30,2026-04-25T05:59:00,2026-04-25T15:41:00,05:29,"[""BOM"", ""HYD"", ""BOM"", ""BLR""]",2026-04-25T16:00:00,2026-04-26T06:42:00,8.6,3,2026-04-25T09:31:00,0,0
C1148,D88994,5.6,18.0,21,1,0.53,0.6,1,4,0.55,2,0.25,1,COK,A320,23:45,08:00,2026-04-26T12:12:00,2026-04-26T22:48:00,11:42,"[""BOM"", ""COK"", ""BOM""]",2026-04-26T23:22:00,2026-04-27T16:10:00,5.7,2,2026-04-26T12:48:00,0,1
C1058,D88995,3.0,4.5,9,0,0.62,0.27,0,2,0.53,0,0.92,0,COK,A320,23:15,07:30,2026-04-27T19:25:00,2026-04-28T04:31:00,18:55,"[""DEL"", ""BOM"", ""DEL"", ""HYD""]",2026-04-28T04:49:00,2026-04-28T23:19:00,10.2,3,2026-04-27T15:05:00,0,0
C1033,D88996,1.4,5.8,5,-1,0.65,0.35,0,1,0.58,0,0.87,0,DEL,B787,23:45,06:45,2026-04-28T02:38:00,2026-04-28T13:44:00,02:08,"[""DEL"", ""MAA"", ""DEL""]",2026-04-28T13:59:00,2026-04-29T08:53:00,8.1,3,2026-04-28T18:22:00,0,0
C1209,D88997,0.6,8.5,1,0,0.78,0.33,1,2,0.45,0,0.84,0,DEL,A320,22:45,07:15,2026-04-29T09:51:00,2026-04-29T18:09:00,09:21,"[""COK"", ""MAA"", ""COK""]",2026-04-29T18:34:00,2026-04-30T08:28:00,9.7,5,2026-04-29T21:39:00,0,1
C1094,D88998,2.5,5.3,16,1,0.44,0.78,2,1,0.9,0,0.3,1,DEL,A320,22:00,07:30,2026-04-30T16:04:00,2026-05-01T03:22:00,15:34,"[""HYD"", ""PNQ"", ""HYD""]",2026-05-01T03:46:00,2026-05-01T20:10:00,6.1,3,2026-04-30T00:56:00,1,1
C1118,D88999,7.3,13.8,18,0,0.66,0.28,4,6,0.5,2,0.84,0,DEL,B787,23:45,07:15,2026-05-01T23:17:00,2026-05-02T08:23:00,22:47,"[""DEL"", ""PNQ"", ""DEL"", ""BOM""]",2026-05-02T08:47:00,2026-05-03T00:23:00,8.9,3,2026-05-01T03:13:00,2,0
C1057,D89000,6.7,18.7,25,2,0.55,0.82,2,8,0.82,3,0.4,1,PNQ,A320,22:00,07:15,2026-02-01T06:30:00,2026-02-01T14:42:00,06:00,"[""DEL"", ""BOM"", ""DEL"", ""HYD""]",2026-02-01T15:03:00,2026-02-02T05:09:00,6.4,3,2026-02-01T06:30:00,0,1
C1064,D89001,7.0,16.7,19,0,0.83,0.02,3,8,0.6,2,0.96,0,BOM,A321,23:45,06:00,2026-02-02T13:43:00,2026-02-02T22:25:00,13:13,"[""DEL"", ""BLR"", ""DEL""]",2026-02-02T23:03:00,2026-02-03T15:09:00,9.4,5,2026-02-02T09:47:00,2,3
C1119,D89002,5.2,7.2,10,1,0.45,0.76,0,3,0.74,0,0.37,1,BOM,A321,22:30,07:00,2026-02-03T20:56:00,2026-02-04T06:26:00,20:26,"[""PNQ"", ""BOM"", ""PNQ""]",2026-02-04T07:04:00,2026-02-04T21:22:00,5.2,3,2026-02-03T12:04:00,0,0
C1155,D89003,1.9,6.5,8,-1,0.62,0.4,1,1,0.56,0,0.89,0,COK,B737,22:00,06:00,2026-02-04T03:09:00,2026-02-04T11:51:00,02:39,"[""BOM"", ""COK"", ""BOM""]",2026-02-04T12:23:00,2026-02-05T00:59:00,9.0,4,2026-02-04T15:21:00,0,1
C1081,D89004,1.8,4.6,6,0,0.65,0.34,1,2,0.3,0,0.81,0,BLR,A321,23:30,06:15,2026-02-05T10:22:00,2026-02-05T18:52:00,09:52,"[""DEL"", ""BOM"", ""DEL"", ""HYD""]",2026-02-05T19:25:00,2026-02-06T12:13:00,7.7,5,2026-02-05T18:38:00,1,0
C1160,D89005,0.8,2.2,9,0,0.63,0.33,1,1,0.16,0,0.87,0,BLR,A320,22:30,07:45,2026-02-06T17:35:00,2026-02-07T02:53:00,17:05,"[""BOM"", ""HYD"", ""BOM"", ""BLR""]",2026-02-07T03:17:00,2026-02-07T20:47:00,8.0,3,2026-02-06T21:55:00,0,0
C1062,D89006,1.7,3.0,5,-1,0.74,0.17,0,1,0.33,0,0.85,0,COK,A320,23:15,06:30,2026-02-07T00:48:00,2026-02-07T11:00:00,00:18,"[""PNQ"", ""BOM"", ""PNQ""]",2026-02-07T11:30:00,2026-02-08T04:42:00,9.7,5,2026-02-07T00:12:00,0,0
C1061,D89007,5.7,18.3,21,-2,0.65,0.96,2,6,0.67,1,0.21,1,MAA,B737,23:45,07:00,2026-02-08T07:01:00,2026-02-08T15:13:00,06:31,"[""BOM"", ""HYD"", ""BOM"", ""BLR""]",2026-02-08T15:38:00,2026-02-09T04:26:00,5.3,2,2026-02-08T03:29:00,2,1
C1156,D89008,1.2,7.2,9,-1,0.57,0.19,0,2,0.34,0,0.6,0,COK,A320,23:45,07:15,2026-02-09T14:14:00,2026-02-10T00:38:00,13:44,"[""BOM"", ""HYD"", ""BOM"", ""BLR""]",2026-02-10T01:19:00,2026-02-10T16:37:00,9.1,4,2026-02-09T06:46:00,0,0
C1085,D89009,6.1,14.9,24,2,0.68,0.51,1,7,0.63,2,0.39,1,BLR,A321,23:45,08:00,2026-02-10T21:27:00,2026-02-11T06:21:00,20:57,"[""BLR"", ""HYD"", ""BLR"", ""MAA""]",2026-02-11T06:40:00,2026-02-11T19:34:00,6.7,3,2026-02-10T09:03:00,0,0
C1074,D89010,6.7,17.7,22,1,0.77,0.52,2,7,0.31,4,0.83,0,MAA,A320,22:45,08:15,2026-02-11T04:40:00,2026-02-11T15:28:00,04:10,"[""DEL"", ""PNQ"", ""DEL"", ""BOM""]",2026-02-11T15:56:00,2026-02-12T06:50:00,7.6,3,2026-02-11T12:20:00,1,2
C1062,D89011,2.2,3.4,7,0,0.9,0.42,0,3,0.45,0,0.76,0,MAA,A320,22:45,08:00,2026-02-12T11:53:00,2026-02-12T23:05:00,11:23,"[""MAA"", ""DEL"", ""MAA""]",2026-02-12T23:24:00,2026-02-13T15:12:00,9.1,5,2026-02-12T15:37:00,0,0
C1176,D89012,0.8,3.4,1,-1,0.79,0.07,0,2,0.15,0,0.51,0,PNQ,B787,23:45,07:15,2026-02-13T18:06:00,2026-02-14T04:12:00,17:36,"[""BLR"", ""COK"", ""BLR""]",2026-02-14T04:49:00,2026-02-14T17:19:00,9.5,4,2026-02-13T18:54:00,1,1
C1046,D89013,2.6,4.4,8,0,0.81,0.22,1,2,0.22,1,0.7,0,COK,B787,22:45,06:30,2026-02-14T01:19:00,2026-02-14T09:37:00,00:49,"[""BOM"", ""HYD"", ""BOM"", ""BLR""]",2026-02-14T10:17:00,2026-02-15T06:17:00,9.9,4,2026-02-14T21:11:00,0,0
C1196,D89014,6.4,17.0,15,-1,0.71,0.11,4,6,0.47,2,0.79,0,DEL,A320,23:30,08:30,2026-02-15T08:32:00,2026-02-15T18:32:00,08:02,"[""DEL"", ""BOM"", ""BLR"", ""DEL""]",2026-02-15T19:15:00,2026-02-16T11:51:00,9.4,5,2026-02-15T00:28:00,2,1
C1093,D89015,3.5,7.9,3,0,0.66,0.23,1,1,0.3,0,0.66,0,BLR,A321,23:45,06:45,2026-02-16T15:45:00,2026-02-17T02:33:00,15:15,"[""DEL"", ""PNQ"", ""DEL"", ""BOM""]",2026-02-17T02:59:00,2026-02-17T21:47:00,8.6,4,2026-02-16T03:45:00,0,0
C1094,D89016,2.0,8.8,10,0,0.68,0.34,0,1,0.33,0,0.49,0,PNQ,A320,23:30,07:30,2026-02-17T22:58:00,2026-02-18T08:22:00,22:28,"[""PNQ"", ""BOM"", ""PNQ""]",2026-02-18T09:06:00,2026-02-19T03:36:00,8.0,4,2026-02-17T06:02:00,0,1
C1111,D89017,5.3,18.8,24,-1,0.44,0.87,1,8,0.74,1,0.14,1,MAA,B787,23:45,07:45,2026-02-18T05:11:00,2026-02-18T14:53:00,04:41,"[""DEL"", ""BLR"", ""DEL""]",2026-02-18T15:35:00,2026-02-19T03:47:00,5.4,2,2026-02-18T09:19:00,2,2
C1209,D89018,4.1,7.7,0,1,0.46,0.47,0,1,0.84,0,0.5,1,BOM,B787,23:30,07:45,2026-02-19T12:24:00,2026-02-19T22:36:00,11:54,"[""HYD"", ""PNQ"", ""HYD""]",2026-02-19T22:53:00,2026-02-20T14:23:00,6.4,3,2026-02-19T12:36:00,0,0
C1116,D89019,1.0,1.5,7,-1,0.69,0.25,0,2,0.48,1,0.83,0,PNQ,B737,23:30,07:15,2026-02-20T19:37:00,2026-02-21T07:01:00,19:07,"[""DEL"", ""BLR"", ""DEL""]",2026-02-21T07:20:00,2026-02-21T21:38:00,8.3,5,2026-02-20T15:53:00,1,0
C1186,D89020,1.6,7.0,6,0,0.85,0.14,0,1,0.34,0,0.48,0,MAA,B787,22:15,07:45,2026-02-21T02:50:00,2026-02-21T14:08:00,02:20,"[""BOM"", ""BLR"", ""BOM""]",2026-02-21T14:47:00,2026-02-22T08:29:00,7.9,3,2026-02-21T18:10:00,0,0
C1121,D89021,2.1,7.2,0,0,0.62,0.16,0,2,0.5,0,0.63,0,DEL,A320,23:15,07:00,2026-02-22T09:03:00,2026-02-22T18:03:00,08:33,"[""COK"", ""MAA"", ""COK""]",2026-02-22T18:20:00,2026-02-23T11:50:00,8.9,3,2026-02-22T21:27:00,0,0
C1109,D89022,3.4,5.8,0,0,0.62,0.3,0,3,0.39,0,0.76,0,PNQ,A321,22:15,07:30,2026-02-23T16:16:00,2026-02-24T03:34:00,15:46,"[""PNQ"", ""BOM"", ""PNQ""]",2026-02-24T04:00:00,2026-02-24T19:36:00,8.3,5,2026-02-23T00:44:00,0,0
C1221,D89023,1.7,2.2,0,-1,0.65,0.12,0,3,0.28,0,0.63,0,COK,B787,23:00,07:15,2026-02-24T23:29:00,2026-02-25T09:53:00,22:59,"[""BOM"", ""BLR"", ""BOM""]",2026-02-25T10:08:00,2026-02-26T05:32:00,7.7,4,2026-02-24T03:01:00,0,0
C1076,D89024,3.1,6.5,5,-1,0.72,0.21,0,2,0.33,1,0.83,0,COK,B787,22:15,06:45,2026-02-25T06:42:00,2026-02-25T16:42:00,06:12,"[""BOM"", ""HYD"", ""BOM"", ""BLR""]",2026-02-25T17:02:00,2026-02-26T09:20:00,9.5,4,2026-02-25T06:18:00,0,0
C1176,D89025,1.4,3.8,6,-1,0.83,0.49,0,2,0.21,0,0.71,0,MAA,A321,22:00,07:30,2026-02-26T13:55:00,2026-02-26T22:31:00,13:25,"[""BOM"", ""COK"", ""BOM""]",2026-02-26T22:57:00,2026-02-27T18:03:00,9.9,4,2026-02-26T09:35:00,0,0
C1086,D89026,7.4,14.0,23,1,0.45,0.93,1,4,0.76,2,0.24,1,COK,B787,22:30,08:00,2026-02-27T20:08:00,2026-02-28T05:26:00,19:38,"[""DEL"", ""MAA"", ""DEL""]",2026-02-28T05:45:00,2026-02-28T20:21:00,6.4,1,2026-02-27T12:52:00,3,0
C1201,D89027,5.0,16.7,20,1,0.33,0.77,4,7,0.73,0,0.23,1,PNQ,B787,23:00,06:45,2026-02-28T03:21:00,2026-02-28T13:03:00,02:51,"[""DEL"", ""PNQ"", ""DEL"", ""BOM""]",2026-02-28T13:24:00,2026-03-01T04:00:00,5.8,2,2026-02-28T15:09:00,0,3
C1175,D89028,2.6,2.6,3,0,0.65,0.22,1,2,0.44,0,0.7,0,MAA,B787,22:00,07:00,2026-03-01T10:34:00,2026-03-01T19:34:00,10:04,"[""DEL"", ""BOM"", ""DEL"", ""HYD""]",2026-03-01T19:58:00,2026-03-02T09:34:00,8.0,4,2026-03-01T18:26:00,0,0
C1201,D89029,7.1,15.4,18,0,0.61,0.18,2,5,0.31,2,0.74,0,PNQ,A320,23:15,06:30,2026-03-02T17:47:00,2026-03-03T05:23:00,17:17,"[""BOM"", ""HYD"", ""BOM"", ""BLR""]",2026-03-03T05:42:00,2026-03-03T18:24:00,9.7,4,2026-03-02T21:43:00,1,3
C1120,D89030,2.8,7.3,10,0,0.7,0.25,0,1,0.69,0,0.69,0,BOM,B737,22:00,07:45,2026-03-03T00:00:00,2026-03-03T11:48:00,23:30,"[""BOM"", ""COK"", ""BOM""]",2026-03-03T12:17:00,2026-03-04T06:17:00,8.4,3,2026-03-03T00:00:00,0,1
C1186,D89031,1.2,6.1,0,1,0.69,0.12,0,1,0.2,0,1.0,0,PNQ,A321,22:15,07:45,2026-03-04T07:13:00,2026-03-04T18:01:00,06:43,"[""MAA"", ""DEL"", ""MAA""]",2026-03-04T18:30:00,2026-03-05T13:36:00,8.2,3,2026-03-04T03:17:00,0,0
C1132,D89032,0.9,7.1,5,-1,0.79,0.38,1,2,0.42,0,0.58,0,PNQ,B787,22:00,06:15,2026-03-05T14:26:00,2026-03-06T00:02:00,13:56,"[""DEL"", ""PNQ"", ""DEL"", ""BOM""]",2026-03-06T00:31:00,2026-03-06T12:43:00,9.6,4,2026-03-05T06:34:00,0,1
C1139,D89033,6.9,15.6,15,-1,0.81,0.34,4,8,0.33,4,0.75,0,MAA,B737,22:45,07:45,2026-03-06T21:39:00,2026-03-07T07:51:00,21:09,"[""DEL"", ""BOM"", ""DEL"", ""HYD""]",2026-03-07T08:25:00,2026-03-08T03:31:00,10.2,3,2026-03-06T09:51:00,3,2
C1083,D89034,6.7,16.4,21,1,0.53,0.83,0,8,0.6,0,0.37,1,BOM,B787,23:00,06:30,2026-03-07T04:52:00,2026-03-07T14:10:00,04:22,"[""DEL"", ""BOM"", ""BLR"", ""DEL""]",2026-03-07T14:37:00,2026-03-08T09:13:00,6.5,3,2026-03-07T12:08:00,1,2
C1217,D89035,2.3,3.4,0,0,0.69,0.57,0,3,0.27,1,0.92,0,HYD,A321,22:30,06:00,2026-03-08T11:05:00,2026-03-08T19:35:00,10:35,"[""COK"", ""MAA"", ""COK""]",2026-03-08T20:10:00,2026-03-09T14:34:00,9.0,4,2026-03-08T15:25:00,0,1
C1211,D89036,3.0,8.1,4,1,0.96,0.25,0,2,0.3,1,0.91,0,BOM,B787,23:45,07:00,2026-03-09T18:18:00,2026-03-10T05:36:00,17:48,"[""BOM"", ""COK"", ""BOM""]",2026-03-10T06:09:00,2026-03-10T23:57:00,9.6,4,2026-03-09T18:42:00,0,0
C1103,D89037,0.5,5.4,3,0,0.61,0.47,1,1,0.49,0,0.84,0,PNQ,A321,22:45,08:00,2026-03-10T01:31:00,2026-03-10T12:43:00,01:01,"[""DEL"", ""BOM"", ""BLR"", ""DEL""]",2026-03-10T13:14:00,2026-03-11T02:26:00,7.8,3,2026-03-10T21:59:00,1,0
C1110,D89038,2.7,5.3,12,0,0.78,0.15,0,1,0.29,0,0.75,0,BLR,B787,22:30,06:15,2026-03-11T08:44:00,2026-03-11T17:50:00,08:14,"[""DEL"", ""BOM"", ""DEL"", ""HYD""]",2026-03-11T18:35:00,2026-03-12T11:35:00,7.8,5,2026-03-11T00:16:00,0,0
C1154,D89039,6.7,16.4,18,-1,0.61,0.71,1,6,0.77,1,0.22,1,DEL,B787,22:00,08:45,2026-03-12T15:57:00,2026-03-13T00:21:00,15:27,"[""BOM"", ""COK"", ""BOM""]",2026-03-13T00:57:00,2026-03-13T18:09:00,6.6,3,2026-03-12T03:33:00,0,0
C1219,D89040,1.4,2.6,7,1,0.66,0.22,0,1,0.44,0,0.87,0,BOM,A321,23:45,06:30,2026-03-13T22:10:00,2026-03-14T06:58:00,21:40,"[""BLR"", ""COK"", ""BLR""]",2026-03-14T07:31:00,2026-03-14T22:55:00,8.4,5,2026-03-13T06:50:00,0,1
C1134,D89041,1.3,6.1,1,0,0.55,0.24,0,3,0.21,1,0.91,0,HYD,B787,22:15,08:30,2026-03-14T05:23:00,2026-03-14T14:35:00,04:53,"[""HYD"", ""PNQ"", ""HYD""]",2026-03-14T15:19:00,2026-03-15T08:43:00,9.1,4,2026-03-14T09:07:00,0,1
C1134,D89042,7.0,18.1,14,0,0.77,0.19,3,6,0.42,1,0.98,0,COK,B787,23:15,06:15,2026-03-15T12:36:00,2026-03-15T23:12:00,12:06,"[""BLR"", ""HYD"", ""BLR"", ""MAA""]",2026-03-15T23:54:00,2026-03-16T15:30:00,7.7,3,2026-03-15T12:24:00,2,1
C1201,D89043,1.7,1.6,7,0,0.72,0.0,1,3,0.5,0,0.63,0,DEL,A321,23:00,08:30,2026-03-16T19:49:00,2026-03-17T06:19:00,19:19,"[""DEL"", ""BOM"", ""BLR"", ""DEL""]",2026-03-17T06:44:00,2026-03-17T23:02:00,8.2,5,2026-03-16T15:41:00,1,1
C1025,D89044,2.2,4.7,10,0,0.76,0.29,1,1,0.25,1,0.64,0,DEL,A320,22:15,08:45,2026-03-17T02:02:00,2026-03-17T11:32:00,01:32,"[""DEL"", ""BLR"", ""DEL""]",2026-03-17T11:55:00,2026-03-18T06:13:00,7.6,4,2026-03-17T18:58:00,1,1
C1083,D89045,2.7,7.4,5,1,0.68,0.04,0,1,0.52,0,0.74,0,DEL,B737,23:45,08:30,2026-03-18T09:15:00,2026-03-18T21:03:00,08:45,"[""BOM"", ""HYD"", ""BOM"", ""BLR""]",2026-03-18T21:48:00,2026-03-19T10:06:00,8.3,4,2026-03-18T21:15:00,1,1
C1159,D89046,3.4,4.2,10,0,0.5,0.43,0,2,0.13,1,0.8,0,DEL,A320,22:00,08:15,2026-03-19T16:28:00,2026-03-20T04:16:00,15:58,"[""BOM"", ""HYD"", ""BOM"", ""BLR""]",2026-03-20T04:34:00,2026-03-20T22:16:00,7.8,3,2026-03-19T00:32:00,1,0
C1053,D89047,6.9,15.5,25,0,0.53,0.47,1,3,0.55,2,0.39,1,MAA,B787,22:45,06:15,2026-03-20T23:41:00,2026-03-21T09:53:00,23:11,"[""BLR"", ""HYD"", ""BLR"", ""MAA""]",2026-03-21T10:14:00,2026-03-22T03:08:00,5.6,2,2026-03-20T03:49:00,2,1
C1050,D89048,2.4,2.0,2,-1,0.74,0.39,0,2,0.58,1,0.87,0,DEL,B737,23:30,07:00,2026-03-21T06:54:00,2026-03-21T17:24:00,06:24,"[""BOM"", ""HYD"", ""BOM"", ""BLR""]",2026-03-21T17:41:00,2026-03-22T08:35:00,8.7,4,2026-03-21T06:06:00,1,0
C1110,D89049,6.0,16.8,19,2,0.34,0.59,1,8,0.85,0,0.39,1,BLR,A320,23:00,07:00,2026-03-22T13:07:00,2026-03-22T21:55:00,12:37,"[""BOM"", ""HYD"", ""BOM"", ""BLR""]",2026-03-22T22:31:00,2026-03-23T14:43:00,6.4,1,2026-03-22T09:23:00,2,0
C1196,D89050,2.4,5.8,3,0,0.83,0.18,0,1,0.17,0,0.81,0,BLR,A320,22:30,06:00,2026-03-23T20:20:00,2026-03-24T06:44:00,19:50,"[""DEL"", ""PNQ"", ""DEL"", ""BOM""]",2026-03-24T07:01:00,2026-03-24T20:01:00,8.9,4,2026-03-23T12:40:00,0,0
C1059,D89051,1.1,3.6,0,1,0.86,0.26,1,1,0.25,0,0.56,0,COK,A320,22:45,08:00,2026-03-24T03:33:00,2026-03-24T14:03:00,03:03,"[""HYD"", ""PNQ"", ""HYD""]",2026-03-24T14:27:00,2026-03-25T05:15:00,9.0,5,2026-03-24T15:57:00,0,0
C1024,D89052,0.9,8.9,1,0,0.7,0.28,1,2,0.55,0,0.62,0,DEL,A320,22:45,08:30,2026-03-25T10:46:00,2026-03-25T20:28:00,10:16,"[""BLR"", ""COK"", ""BLR""]",2026-03-25T21:04:00,2026-03-26T16:16:00,7.4,5,2026-03-25T18:14:00,1,0
C1081,D89053,1.5,2.4,9,1,0.59,0.45,1,1,0.33,0,0.67,0,BLR,A321,22:15,06:45,2026-03-26T17:59:00,2026-03-27T05:23:00,17:29,"[""COK"", ""MAA"", ""COK""]",2026-03-27T06:05:00,2026-03-28T02:05:00,8.8,3,2026-03-26T21:31:00,0,0
C1174,D89054,1.9,0.5,6,-1,0.79,0.1,0,1,0.48,0,0.66,0,BOM,B737,23:15,08:00,2026-03-27T00:12:00,2026-03-27T08:18:00,23:42,"[""BOM"", ""HYD"", ""BOM"", ""BLR""]",2026-03-27T08:42:00,2026-03-27T22:00:00,9.1,3,2026-03-27T00:48:00,0,0
C1140,D89055,2.9,0.4,7,0,0.73,0.38,0,1,0.46,1,0.77,0,HYD,A320,23:30,06:00,2026-03-28T07:25:00,2026-03-28T17:37:00,06:55,"[""HYD"", ""PNQ"", ""HYD""]",2026-03-28T17:58:00,2026-03-29T07:04:00,9.3,4,2026-03-28T03:05:00,0,1
C1108,D89056,5.2,15.0,24,-1,0.41,0.95,1,5,0.81,3,0.52,1,HYD,A321,23:00,06:15,2026-03-29T14:38:00,2026-03-29T23:44:00,14:08,"[""BLR"", ""COK"", ""BLR""]",2026-03-30T00:03:00,2026-03-30T16:03:00,6.7,1,2026-03-29T06:22:00,1,2
C1075,D89057,2.1,2.7,8,0,0.77,0.41,0,2,0.38,1,0.75,0,BLR,B737,22:15,07:30,2026-03-30T21:51:00,2026-03-31T07:39:00,21:21,"[""DEL"", ""BLR"", ""DEL""]",2026-03-31T08:13:00,2026-04-01T03:37:00,7.7,4,2026-03-30T09:39:00,0,1
C1205,D89058,1.1,2.2,10,0,0.7,0.37,0,1,0.24,0,0.95,0,MAA,B737,23:45,07:15,2026-03-31T04:04:00,2026-03-31T15:16:00,03:34,"[""BLR"", ""COK"", ""BLR""]",2026-03-31T16:00:00,2026-04-01T11:24:00,8.4,5,2026-03-31T12:56:00,0,0
C1109,D89059,2.5,7.0,2,-1,0.75,0.28,0,1,0.28,0,0.7,0,COK,B787,23:45,07:00,2026-04-01T11:17:00,2026-04-01T20:23:00,10:47,"[""DEL"", ""PNQ"", ""DEL"", ""BOM""]",2026-04-01T20:47:00,2026-04-02T16:35:00,9.6,3,2026-04-01T15:13:00,0,0
C1166,D89060,3.8,3.8,5,1,0.39,0.83,0,4,0.61,1,0.36,1,BOM,A320,22:15,07:30,2026-04-02T18:30:00,2026-04-03T06:18:00,18:00,"[""MAA"", ""DEL"", ""MAA""]",2026-04-03T06:53:00,2026-04-03T22:41:00,5.7,3,2026-04-02T18:30:00,0,0
C1190,D89061,1.1,2.7,11,0,0.83,0.13,0,1,0.09,0,0.75,0,HYD,B737,22:30,07:00,2026-04-03T01:43:00,2026-04-03T11:49:00,01:13,"[""HYD"", ""PNQ"", ""HYD""]",2026-04-03T12:24:00,2026-04-04T01:54:00,7.9,4,2026-04-03T21:47:00,0,1
C1047,D89062,0.7,3.4,4,-1,0.91,0.09,0,1,0.51,1,0.77,0,PNQ,A321,22:45,07:30,2026-04-04T08:56:00,2026-04-04T19:44:00,08:26,"[""DEL"", ""BLR"", ""DEL""]",2026-04-04T20:25:00,2026-04-05T11:55:00,9.0,3,2026-04-04T00:04:00,0,0
C1175,D89063,3.2,1.9,2,0,0.53,0.45,0,2,0.49,0,0.5,0,PNQ,A320,22:15,08:15,2026-04-05T15:09:00,2026-04-05T23:51:00,14:39,"[""DEL"", ""PNQ"", ""DEL"", ""BOM""]",2026-04-06T00:06:00,2026-04-06T12:48:00,7.4,3,2026-04-05T03:21:00,0,0
C1214,D89064,3.5,4.4,1,1,0.77,0.41,0,2,0.33,0,0.98,0,PNQ,B737,22:45,06:15,2026-04-06T22:22:00,2026-04-07T08:22:00,21:52,"[""DEL"", ""PNQ"", ""DEL"", ""BOM""]",2026-04-07T08:59:00,2026-04-07T23:17:00,7.8,3,2026-04-06T06:38:00,0,0
C1207,D89065,5.6,14.4,18,1,0.3,0.95,3,8,0.68,2,0.17,1,DEL,B737,22:30,06:45,2026-04-07T05:35:00,2026-04-07T14:05:00,05:05,"[""MAA"", ""DEL"", ""MAA""]",2026-04-07T14:33:00,2026-04-08T08:21:00,7.2,2,2026-04-07T09:55:00,3,0
C1094,D89066,2.6,5.4,10,-1,0.54,0.41,0,1,0.35,1,0.7,0,PNQ,B787,22:30,08:45,2026-04-08T12:48:00,2026-04-08T22:48:00,12:18,"[""BOM"", ""COK"", ""BOM""]",2026-04-08T23:20:00,2026-04-09T14:02:00,9.2,4,2026-04-08T12:12:00,0,1
C1161,D89067,3.1,0.7,6,0,0.77,0.3,0,2,0.38,0,0.75,0,MAA,B787,23:30,07:00,2026-04-09T19:01:00,2026-04-10T03:07:00,18:31,"[""DEL"", ""BOM"", ""DEL"", ""HYD""]",2026-04-10T03:26:00,2026-04-10T22:08:00,8.7,4,2026-04-09T15:29:00,0,0
C1112,D89068,2.2,6.0,9,-1,0.69,0.04,0,1,0.4,0,0.74,0,HYD,B787,23:00,07:00,2026-04-10T02:14:00,2026-04-10T13:02:00,01:44,"[""HYD"", ""MAA"", ""HYD""]",2026-04-10T13:27:00,2026-04-11T05:27:00,9.3,4,2026-04-10T18:46:00,1,1
C1218,D89069,0.9,3.4,6,0,0.75,0.2,0,2,0.18,0,0.88,0,HYD,B787,23:45,08:15,2026-04-11T09:27:00,2026-04-11T20:57:00,08:57,"[""BOM"", ""HYD"", ""BOM"", ""BLR""]",2026-04-11T21:34:00,2026-04-12T13:40:00,8.6,3,2026-04-11T21:03:00,0,1
C1070,D89070,0.9,7.7,11,0,0.89,0.13,0,1,0.27,0,0.64,0,HYD,B787,23:45,08:00,2026-04-12T16:40:00,2026-04-13T01:28:00,16:10,"[""BOM"", ""COK"", ""BOM""]",2026-04-13T01:47:00,2026-04-13T13:59:00,7.9,4,2026-04-12T00:20:00,0,0
C1094,D89071,1.2,8.0,10,0,0.9,0.03,0,1,0.44,0,1.0,0,DEL,B737,23:45,08:15,2026-04-13T23:53:00,2026-04-14T11:35:00,23:23,"[""HYD"", ""MAA"", ""HYD""]",2026-04-14T11:54:00,2026-04-15T00:48:00,8.3,5,2026-04-13T03:37:00,0,1
C1077,D89072,1.8,2.5,8,0,0.62,0.43,0,1,0.37,0,0.95,0,PNQ,A320,22:45,07:00,2026-04-14T06:06:00,2026-04-14T17:42:00,05:36,"[""BLR"", ""HYD"", ""BLR"", ""MAA""]",2026-04-14T18:26:00,2026-04-15T14:14:00,8.7,4,2026-04-14T06:54:00,0,0
C1088,D89073,7.1,16.7,21,-1,0.3,0.83,1,5,0.51,4,0.38,1,COK,A321,23:15,06:45,2026-04-15T13:19:00,2026-04-15T22:07:00,12:49,"[""BOM"", ""COK"", ""BOM""]",2026-04-15T22:32:00,2026-04-16T15:08:00,5.4,1,2026-04-15T09:11:00,1,2
C1051,D89074,6.5,19.5,19,-1,0.67,0.84,3,5,0.78,3,0.52,1,HYD,B787,23:15,06:30,2026-04-16T20:32:00,2026-04-17T05:14:00,20:02,"[""DEL"", ""MAA"", ""DEL""]",2026-04-17T05:32:00,2026-04-17T17:38:00,5.9,1,2026-04-16T12:28:00,3,1
C1157,D89075,3.4,4.0,10,0,0.68,0.29,0,1,0.26,0,0.63,0,DEL,A320,23:15,07:45,2026-04-17T03:45:00,2026-04-17T14:27:00,03:15,"[""BLR"", ""COK"", ""BLR""]",2026-04-17T14:54:00,2026-04-18T08:36:00,8.6,4,2026-04-17T15:45:00,0,0
C1211,D89076,6.1,13.9,21,0,0.53,0.04,4,7,0.6,1,0.93,0,MAA,B737,23:15,07:45,2026-04-18T10:58:00,2026-04-18T22:04:00,10:28,"[""DEL"", ""BLR"", ""DEL""]",2026-04-18T22:36:00,2026-04-19T17:24:00,9.5,4,2026-04-18T18:02:00,2,1
C1191,D89077,1.8,1.8,1,0,0.6,0.17,0,1,0.16,0,0.93,0,MAA,A320,22:45,06:15,2026-04-19T17:11:00,2026-04-20T04:17:00,16:41,"[""BOM"", ""HYD"", ""BOM"", ""BLR""]",2026-04-20T04:35:00,2026-04-20T23:41:00,9.1,3,2026-04-19T21:19:00,1,0
C1029,D89078,7.7,13.7,21,-1,0.69,0.78,0,6,0.74,1,0.47,1,MAA,B787,22:45,07:15,2026-04-20T00:24:00,2026-04-20T09:24:00,23:54,"[""HYD"", ""PNQ"", ""HYD""]",2026-04-20T10:06:00,2026-04-21T01:18:00,5.2,1,2026-04-20T00:36:00,0,0
C1028,D89079,1.2,7.5,4,-1,0.72,0.17,0,1,0.28,0,0.65,0,COK,A321,22:45,08:00,2026-04-21T07:37:00,2026-04-21T16:49:00,07:07,"[""BLR"", ""HYD"", ""BLR"", ""MAA""]",2026-04-21T17:06:00,2026-04-22T12:24:00,7.4,4,2026-04-21T03:53:00,0,0
C1145,D89080,7.9,17.1,20,0,0.32,0.81,1,7,0.74,4,0.31,1,COK,B787,23:30,07:15,2026-04-22T14:50:00,2026-04-22T23:38:00,14:20,"[""BOM"", ""BLR"", ""BOM""]",2026-04-23T00:16:00,2026-04-23T20:10:00,6.6,3,2026-04-22T06:10:00,2,0
C1089,D89081,0.8,5.3,0,0,0.79,0.5,1,1,0.11,0,0.92,0,COK,A321,23:15,06:30,2026-04-23T21:03:00,2026-04-24T08:09:00,20:33,"[""DEL"", ""BLR"", ""DEL""]",2026-04-24T08:39:00,2026-04-25T00:03:00,9.4,3,2026-04-23T09:27:00,0,1
C1052,D89082,5.7,17.0,22,2,0.56,0.8,3,4,0.66,3,0.45,1,MAA,A320,23:30,08:00,2026-04-24T04:16:00,2026-04-24T13:22:00,03:46,"[""BOM"", ""HYD"", ""BOM"", ""BLR""]",2026-04-24T13:50:00,2026-04-25T08:56:00,6.5,1,2026-04-24T12:44:00,0,0
C1052,D89083,3.3,3.6,11,0,0.7,0.48,1,1,0.59,0,0.69,0,COK,B787,22:15,06:15,2026-04-25T11:29:00,2026-04-25T21:53:00,10:59,"[""BOM"", ""BLR"", ""BOM""]",2026-04-25T22:33:00,2026-04-26T13:51:00,8.8,3,2026-04-25T15:01:00,1,0
C1149,D89084,5.9,12.3,14,1,0.35,0.61,2,6,0.54,2,0.36,1,PNQ,B787,22:00,08:00,2026-04-26T18:42:00,2026-04-27T06:00:00,18:12,"[""DEL"", ""BOM"", ""DEL"", ""HYD""]",2026-04-27T06:31:00,2026-04-27T19:19:00,4.8,3,2026-04-26T18:18:00,0,0
C1184,D89085,5.3,14.4,21,2,0.29,0.64,3,7,0.77,4,0.28,1,PNQ,B787,23:45,07:30,2026-04-27T01:55:00,2026-04-27T13:43:00,01:25,"[""COK"", ""MAA"", ""COK""]",2026-04-27T14:02:00,2026-04-28T08:14:00,6.3,2,2026-04-27T21:35:00,0,1
C1206,D89086,3.4,1.9,6,0,0.82,0.17,0,1,0.32,1,0.82,0,COK,B787,23:15,08:45,2026-04-28T08:08:00,2026-04-28T18:56:00,07:38,"[""DEL"", ""BOM"", ""BLR"", ""DEL""]",2026-04-28T19:36:00,2026-04-29T13:54:00,9.9,3,2026-04-28T00:52:00,0,1
C1126,D89087,6.0,15.6,17,0,0.75,0.1,2,4,0.32,3,0.83,0,COK,A321,23:15,06:30,2026-04-29T15:21:00,2026-04-30T01:27:00,14:51,"[""HYD"", ""MAA"", ""HYD""]",2026-04-30T02:08:00,2026-04-30T20:20:00,8.2,5,2026-04-29T03:09:00,2,2
C1139,D89088,6.4,18.3,16,0,0.64,0.99,1,4,0.6,4,0.3,1,DEL,A321,23:45,06:15,2026-04-30T22:34:00,2026-05-01T10:22:00,22:04,"[""DEL"", ""PNQ"", ""DEL"", ""BOM""]",2026-05-01T11:06:00,2026-05-02T06:42:00,5.5,3,2026-04-30T06:26:00,1,3
C1177,D89089,0.8,3.4,2,0,0.76,0.11,0,3,0.26,0,0.56,0,HYD,A321,22:45,07:45,2026-05-01T05:47:00,2026-05-01T14:23:00,05:17,"[""BLR"", ""COK"", ""BLR""]",2026-05-01T14:48:00,2026-05-02T03:30:00,9.3,4,2026-05-01T09:43:00,0,0
C1182,D89090,1.9,3.1,6,-1,0.71,0.18,1,3,0.3,0,0.82,0,BLR,A321,22:45,06:30,2026-02-01T12:00:00,2026-02-01T21:36:00,11:30,"[""DEL"", ""BOM"", ""DEL"", ""HYD""]",2026-02-01T22:06:00,2026-02-02T17:00:00,9.2,3,2026-02-01T12:00:00,0,1
C1028,D89091,5.5,12.7,22,2,0.49,0.87,3,6,0.47,3,0.37,1,PNQ,A321,23:45,06:30,2026-02-02T19:13:00,2026-02-03T03:25:00,18:43,"[""COK"", ""MAA"", ""COK""]",2026-02-03T03:57:00,2026-02-03T19:15:00,6.4,2,2026-02-02T15:17:00,0,0
C1146,D89092,6.5,17.7,16,-1,0.59,0.72,2,8,0.49,0,0.36,1,BLR,B737,23:30,08:15,2026-02-03T02:26:00,2026-02-03T12:44:00,01:56,"[""PNQ"", ""BOM"", ""PNQ""]",2026-02-03T13:08:00,2026-02-04T01:32:00,5.4,3,2026-02-03T18:34:00,1,1
C1212,D89093,1.0,1.4,11,1,0.75,0.43,0,1,0.18,1,0.71,0,HYD,B787,23:00,08:00,2026-02-04T09:39:00,2026-02-04T19:51:00,09:09,"[""DEL"", ""BOM"", ""BLR"", ""DEL""]",2026-02-04T20:32:00,2026-02-05T15:02:00,7.0,3,2026-02-04T21:51:00,0,0
C1136,D89094,1.8,7.0,8,0,0.79,0.27,0,1,0.31,0,0.74,0,DEL,B737,23:15,08:15,2026-02-05T16:52:00,2026-02-06T03:28:00,16:22,"[""DEL"", ""MAA"", ""DEL""]",2026-02-06T04:04:00,2026-02-06T21:34:00,8.0,4,2026-02-05T00:08:00,0,0
C1167,D89095,6.0,18.4,18,0,0.55,0.83,3,8,0.82,2,0.19,1,DEL,B737,23:45,07:00,2026-02-06T23:05:00,2026-02-07T08:41:00,22:35,"[""DEL"", ""PNQ"", ""DEL"", ""BOM""]",2026-02-07T08:58:00,2026-02-08T03:58:00,6.0,2,2026-02-06T03:25:00,1,0
C1029,D89096,6.4,12.9,21,-1,0.67,0.15,2,7,0.67,2,0.78,0,DEL,B737,23:00,06:00,2026-02-07T06:18:00,2026-02-07T16:30:00,05:48,"[""BOM"", ""COK"", ""BOM""]",2026-02-07T17:12:00,2026-02-08T08:18:00,9.0,4,2026-02-07T06:42:00,0,1
C1047,D89097,1.8,7.2,13,1,0.81,0.2,0,1,0.42,0,0.64,0,DEL,A321,23:45,08:30,2026-02-08T13:31:00,2026-02-08T22:43:00,13:01,"[""DEL"", ""BOM"", ""BLR"", ""DEL""]",2026-02-08T23:15:00,2026-02-09T17:27:00,7.6,3,2026-02-08T09:59:00,0,0
C1060,D89098,2.6,3.4,0,-1,0.75,0.44,0,1,0.22,0,0.67,0,COK,A321,23:15,06:45,2026-02-09T20:44:00,2026-02-10T07:38:00,20:14,"[""MAA"", ""DEL"", ""MAA""]",2026-02-10T08:03:00,2026-02-11T02:33:00,9.2,3,2026-02-09T12:16:00,0,0
C1119,D89099,2.4,8.2,11,-1,0.49,0.81,0,1,0.74,0,0.39,1,MAA,B787,22:00,06:15,2026-02-10T03:57:00,2026-02-10T15:09:00,03:27,"[""HYD"", ""MAA"", ""HYD""]",2026-02-10T15:41:00,2026-02-11T06:41:00,5.6,2,2026-02-10T15:33:00,0,1
C1118,D89100,6.2,16.4,14,-1,0.32,0.87,2,8,0.9,2,0.27,1,COK,B787,23:30,08:45,2026-02-11T10:10:00,2026-02-11T20:46:00,09:40,"[""HYD"", ""PNQ"", ""HYD""]",2026-02-11T21:19:00,2026-02-12T14:31:00,5.5,3,2026-02-11T18:50:00,1,2
C1076,D89101,5.4,18.3,20,-1,0.42,0.76,1,5,0.79,3,0.2,1,BLR,A320,23:15,06:00,2026-02-12T17:23:00,2026-02-13T01:41:00,16:53,"[""DEL"", ""BOM"", ""DEL"", ""HYD""]",2026-02-13T02:13:00,2026-02-13T15:49:00,5.1,1,2026-02-12T21:07:00,3,0
C1073,D89102,1.1,6.3,13,1,0.84,0.58,1,1,0.38,0,0.66,0,BLR,A321,23:45,06:45,2026-02-13T00:36:00,2026-02-13T10:24:00,00:06,"[""PNQ"", ""BOM"", ""PNQ""]",2026-02-13T10:39:00,2026-02-14T01:39:00,9.3,3,2026-02-13T00:24:00,0,0
C1170,D89103,1.4,7.0,7,1,0.81,0.41,0,1,0.49,0,0.88,0,DEL,B737,23:30,06:15,2026-02-14T07:49:00,2026-02-14T16:13:00,07:19,"[""PNQ"", ""BOM"", ""PNQ""]",2026-02-14T16:33:00,2026-02-15T04:51:00,7.5,4,2026-02-14T03:41:00,1,0
C1199,D89104,0.5,1.7,5,0,0.85,0.34,1,1,0.47,0,0.91,0,BOM,B787,23:15,06:15,2026-02-15T14:02:00,2026-02-15T23:50:00,13:32,"[""MAA"", ""DEL"", ""MAA""]",2026-02-16T00:17:00,2026-02-16T17:05:00,9.4,5,2026-02-15T06:58:00,0,0
C1086,D89105,3.5,7.3,8,-1,0.71,0.18,1,2,0.47,0,0.63,0,COK,B737,22:15,07:45,2026-02-16T21:15:00,2026-02-17T09:15:00,20:45,"[""PNQ"", ""BOM"", ""PNQ""]",2026-02-17T09:33:00,2026-02-18T05:33:00,8.5,4,2026-02-16T09:15:00,0,0
C1042,D89106,1.8,7.2,6,1,0.73,0.23,0,1,0.24,1,0.72,0,BOM,A320,22:15,07:00,2026-02-17T04:28:00,2026-02-17T14:34:00,03:58,"[""BLR"", ""HYD"", ""BLR"", ""MAA""]",2026-02-17T14:54:00,2026-02-18T03:30:00,8.2,3,2026-02-17T12:32:00,0,0
C1218,D89107,6.0,15.9,18,-1,0.58,0.9,2,3,0.51,1,0.37,1,BOM,A320,22:15,06:45,2026-02-18T11:41:00,2026-02-18T21:47:00,11:11,"[""MAA"", ""DEL"", ""MAA""]",2026-02-18T22:12:00,2026-02-19T12:48:00,6.8,1,2026-02-18T15:49:00,2,0
C1183,D89108,5.0,16.6,20,2,0.46,0.58,0,4,0.8,2,0.42,1,MAA,B737,23:15,07:15,2026-02-19T18:54:00,2026-02-20T05:24:00,18:24,"[""DEL"", ""BOM"", ""BLR"", ""DEL""]",2026-02-20T06:01:00,2026-02-20T20:31:00,5.9,1,2026-02-19T18:06:00,0,2
C1193,D89109,6.5,12.5,17,0,0.66,0.51,3,7,0.48,1,0.85,0,BLR,A321,22:00,08:15,2026-02-20T01:07:00,2026-02-20T12:19:00,00:37,"[""BLR"", ""COK"", ""BLR""]",2026-02-20T12:57:00,2026-02-21T02:45:00,9.1,4,2026-02-20T21:23:00,3,1
C1120,D89110,0.8,5.2,1,1,0.74,0.07,1,1,0.28,0,0.88,0,HYD,A321,23:45,07:45,2026-02-21T08:20:00,2026-02-21T19:20:00,07:50,"[""MAA"", ""DEL"", ""MAA""]",2026-02-21T20:05:00,2026-02-22T14:23:00,8.2,4,2026-02-21T00:40:00,0,0
C1028,D89111,1.8,1.4,4,1,0.83,0.08,0,2,0.65,0,0.91,0,HYD,A320,22:45,08:15,2026-02-22T15:33:00,2026-02-23T00:21:00,15:03,"[""BLR"", ""HYD"", ""BLR"", ""MAA""]",2026-02-23T01:06:00,2026-02-23T15:06:00,8.8,3,2026-02-22T03:57:00,0,0
C1215,D89112,1.9,3.9,11,1,0.68,0.3,1,3,0.64,0,0.61,0,MAA,A321,23:15,07:30,2026-02-23T22:46:00,2026-02-24T09:34:00,22:16,"[""PNQ"", ""BOM"", ""PNQ""]",2026-02-24T10:19:00,2026-02-25T02:37:00,8.6,3,2026-02-23T06:14:00,1,0
C1120,D89113,3.0,6.5,10,-1,0.78,0.32,0,1,0.34,0,0.57,0,BOM,A320,22:15,07:45,2026-02-24T05:59:00,2026-02-24T15:47:00,05:29,"[""DEL"", ""BOM"", ""BLR"", ""DEL""]",2026-02-24T16:21:00,2026-02-25T05:15:00,8.9,3,2026-02-24T09:31:00,0,1
C1185,D89114,6.0,14.3,19,-1,0.53,0.83,1,6,0.6,1,0.4,1,PNQ,A321,23:45,07:00,2026-02-25T12:12:00,2026-02-26T00:06:00,11:42,"[""MAA"", ""DEL"", ""MAA""]",2026-02-26T00:31:00,2026-02-26T19:01:00,6.1,2,2026-02-25T12:48:00,0,2
C1023,D89115,2.7,6.7,1,-1,0.64,0.05,0,2,0.26,0,0.77,0,COK,A320,23:30,08:15,2026-02-26T19:25:00,2026-02-27T06:13:00,18:55,"[""MAA"", ""DEL"", ""MAA""]",2026-02-27T06:44:00,2026-02-28T01:44:00,8.8,4,2026-02-26T15:05:00,1,0
C1206,D89116,0.7,6.5,4,0,0.8,0.55,1,1,0.24,0,0.83,0,DEL,B737,22:00,08:30,2026-02-27T02:38:00,2026-02-27T12:08:00,02:08,"[""BLR"", ""COK"", ""BLR""]",2026-02-27T12:46:00,2026-02-28T06:40:00,9.9,4,2026-02-27T18:22:00,0,0
C1120,D89117,5.0,17.2,18,1,0.86,0.17,3,4,0.38,4,0.62,0,PNQ,A321,23:45,06:30,2026-02-28T09:51:00,2026-02-28T18:27:00,09:21,"[""BOM"", ""HYD"", ""BOM"", ""BLR""]",2026-02-28T19:09:00,2026-03-01T13:33:00,8.6,4,2026-02-28T21:39:00,2,1
C1202,D89118,6.3,15.1,18,-1,0.6,0.91,2,8,0.75,4,0.48,1,HYD,B787,23:45,07:00,2026-03-01T16:04:00,2026-03-02T02:10:00,15:34,"[""BOM"", ""COK"", ""BOM""]",2026-03-02T02:34:00,2026-03-02T20:10:00,7.0,2,2026-03-01T00:56:00,1,2
C1072,D89119,2.1,1.7,6,-1,0.9,0.32,0,3,0.42,0,0.76,0,DEL,A320,23:45,06:45,2026-03-02T23:17:00,2026-03-03T08:17:00,22:47,"[""BOM"", ""BLR"", ""BOM""]",2026-03-03T08:39:00,2026-03-03T23:51:00,8.2,3,2026-03-02T03:13:00,1,0
C1100,D89120,3.1,5.2,5,-1,0.81,0.25,0,2,0.38,0,0.74,0,BOM,B787,22:45,08:45,2026-03-03T06:30:00,2026-03-03T14:48:00,06:00,"[""MAA"", ""DEL"", ""MAA""]",2026-03-03T15:21:00,2026-03-04T07:39:00,8.5,5,2026-03-03T06:30:00,1,1
C1189,D89121,6.5,18.1,15,1,0.45,0.69,1,8,0.78,2,0.33,1,HYD,A321,23:30,08:30,2026-03-04T13:43:00,2026-03-05T00:07:00,13:13,"[""PNQ"", ""BOM"", ""PNQ""]",2026-03-05T00:28:00,2026-03-05T17:58:00,6.6,3,2026-03-04T09:47:00,0,3
C1192,D89122,6.3,13.2,19,0,0.83,0.36,3,7,0.42,3,0.68,0,MAA,A321,22:30,06:00,2026-03-05T20:56:00,2026-03-06T07:38:00,20:26,"[""BLR"", ""HYD"", ""BLR"", ""MAA""]",2026-03-06T07:55:00,2026-03-06T22:31:00,9.9,3,2026-03-05T12:04:00,1,1
C1045,D89123,5.4,15.5,17,-1,0.48,0.88,3,3,0.79,1,0.41,1,MAA,B787,23:15,07:00,2026-03-06T03:09:00,2026-03-06T13:51:00,02:39,"[""BLR"", ""COK"", ""BLR""]",2026-03-06T14:10:00,2026-03-07T07:28:00,6.8,3,2026-03-06T15:21:00,2,1
C1059,D89124,6.7,13.3,20,-2,0.42,0.7,2,8,0.87,4,0.12,1,MAA,B787,22:45,08:15,2026-03-07T10:22:00,2026-03-07T20:16:00,09:52,"[""PNQ"", ""BOM"", ""PNQ""]",2026-03-07T20:52:00,2026-03-08T16:52:00,4.9,2,2026-03-07T18:38:00,3,0
C1159,D89125,1.8,6.3,12,1,0.84,0.51,0,3,0.2,0,0.6,0,BLR,A321,22:30,07:45,2026-03-08T17:35:00,2026-03-09T02:47:00,17:05,"[""HYD"", ""MAA"", ""HYD""]",2026-03-09T03:02:00,2026-03-09T20:56:00,8.3,3,2026-03-08T21:55:00,0,0
C1168,D89126,2.7,4.3,2,-2,0.34,0.58,0,3,0.61,1,0.27,1,BOM,A321,23:45,06:30,2026-03-09T00:48:00,2026-03-09T12:18:00,00:18,"[""BLR"", ""COK"", ""BLR""]",2026-03-09T12:39:00,2026-03-10T01:33:00,7.1,3,2026-03-09T00:12:00,0,0
C1095,D89127,6.0,18.1,16,-1,0.25,0.85,1,5,0.44,4,0.35,1,MAA,A320,23:45,07:30,2026-03-10T07:01:00,2026-03-10T16:55:00,06:31,"[""HYD"", ""PNQ"", ""HYD""]",2026-03-10T17:23:00,2026-03-11T07:23:00,5.4,3,2026-03-10T03:29:00,2,0
C1062,D89128,1.2,2.5,1,1,0.62,0.1,1,2,0.07,0,0.7,0,BOM,B737,23:45,06:45,2026-03-11T14:14:00,2026-03-12T00:50:00,13:44,"[""BOM"", ""COK"", ""BOM""]",2026-03-12T01:08:00,2026-03-12T15:20:00,8.3,3,2026-03-11T06:46:00,1,0
C1094,D89129,2.6,3.5,0,0,0.85,0.09,0,1,0.42,0,0.87,0,HYD,A320,22:15,08:00,2026-03-12T21:27:00,2026-03-13T05:39:00,20:57,"[""DEL"", ""BOM"", ""BLR"", ""DEL""]",2026-03-13T06:22:00,2026-03-13T23:34:00,7.9,5,2026-03-12T09:03:00,0,0
C1071,D89130,2.2,6.0,7,2,0.52,0.45,2,3,0.83,0,0.31,1,PNQ,B787,23:45,08:30,2026-03-13T04:40:00,2026-03-13T13:28:00,04:10,"[""DEL"", ""BOM"", ""DEL"", ""HYD""]",2026-03-13T13:48:00,2026-03-14T06:24:00,5.6,3,2026-03-13T12:20:00,1,0
C1174,D89131,2.9,6.2,6,0,0.71,0.43,0,1,0.24,0,0.71,0,BLR,A321,23:30,07:00,2026-03-14T11:53:00,2026-03-14T22:23:00,11:23,"[""DEL"", ""BOM"", ""DEL"", ""HYD""]",2026-03-14T23:04:00,2026-03-15T13:52:00,8.8,5,2026-03-14T15:37:00,1,0
C1210,D89132,0.9,7.9,8,0,0.56,0.32,0,3,0.3,0,0.62,0,BOM,B787,22:00,06:00,2026-03-15T18:06:00,2026-03-16T03:48:00,17:36,"[""COK"", ""MAA"", ""COK""]",2026-03-16T04:32:00,2026-03-16T21:44:00,8.6,3,2026-03-15T18:54:00,0,0
C1126,D89133,6.6,17.6,14,1,0.35,1.0,0,6,0.68,3,0.21,1,BLR,B787,22:15,06:30,2026-03-16T01:19:00,2026-03-16T11:49:00,00:49,"[""BOM"", ""BLR"", ""BOM""]",2026-03-16T12:04:00,2026-03-17T06:40:00,7.1,2,2026-03-16T21:11:00,0,0
C1049,D89134,0.6,7.9,5,-1,0.68,0.05,0,1,0.31,0,0.68,0,HYD,B737,22:45,06:30,2026-03-17T08:32:00,2026-03-17T19:02:00,08:02,"[""BOM"", ""COK"", ""BOM""]",2026-03-17T19:28:00,2026-03-18T14:28:00,9.8,3,2026-03-17T00:28:00,0,0
C1092,D89135,5.7,16.1,23,1,0.74,0.31,1,4,0.36,3,0.72,0,DEL,B787,22:00,06:30,2026-03-18T15:45:00,2026-03-18T23:45:00,15:15,"[""MAA"", ""DEL"", ""MAA""]",2026-03-19T00:00:00,2026-03-19T14:54:00,9.2,4,2026-03-18T03:45:00,1,3
C1144,D89136,3.3,2.1,4,0,0.81,0.19,0,1,0.05,1,0.78,0,BOM,A320,22:45,06:15,2026-03-19T22:58:00,2026-03-20T08:52:00,22:28,"[""DEL"", ""BLR"", ""DEL""]",2026-03-20T09:30:00,2026-03-21T01:42:00,7.4,3,2026-03-19T06:02:00,0,0
C1099,D89137,2.4,4.7,10,0,0.78,0.51,0,2,0.23,0,0.94,0,BOM,B787,22:00,08:45,2026-03-20T05:11:00,2026-03-20T15:05:00,04:41,"[""BOM"", ""HYD"", ""BOM"", ""BLR""]",2026-03-20T15:40:00,2026-03-21T06:52:00,9.3,3,2026-03-20T09:19:00,0,0
C1120,D89138,7.4,15.9,18,-2,0.25,0.77,3,3,0.9,1,0.38,1,DEL,B737,23:45,08:15,2026-03-21T12:24:00,2026-03-21T21:42:00,11:54,"[""BLR"", ""HYD"", ""BLR"", ""MAA""]",2026-03-21T22:20:00,2026-03-22T13:08:00,4.7,2,2026-03-21T12:36:00,0,1
C1056,D89139,1.0,3.3,9,0,0.66,0.21,0,2,0.57,0,0.97,0,BLR,B787,22:45,06:15,2026-03-22T19:37:00,2026-03-23T07:37:00,19:07,"[""DEL"", ""MAA"", ""DEL""]",2026-03-23T07:54:00,2026-03-24T03:36:00,8.2,4,2026-03-22T15:53:00,0,0
C1168,D89140,1.8,6.7,0,0,0.83,0.59,1,2,0.65,0,0.94,0,COK,A321,23:30,08:30,2026-03-23T02:50:00,2026-03-23T12:20:00,02:20,"[""BOM"", ""HYD"", ""BOM"", ""BLR""]",2026-03-23T12:48:00,2026-03-24T04:48:00,9.5,5,2026-03-23T18:10:00,1,0
C1090,D89141,3.3,0.8,9,0,0.68,0.43,0,2,0.56,0,0.97,0,MAA,B787,22:45,06:30,2026-03-24T09:03:00,2026-03-24T18:51:00,08:33,"[""PNQ"", ""BOM"", ""PNQ""]",2026-03-24T19:10:00,2026-03-25T14:46:00,8.1,4,2026-03-24T21:27:00,0,0
C1060,D89142,1.3,0.5,9,1,0.72,0.2,0,1,0.32,0,0.53,0,BOM,B737,23:45,07:15,2026-03-25T16:16:00,2026-03-26T04:10:00,15:46,"[""BLR"", ""HYD"", ""BLR"", ""MAA""]",2026-03-26T04:36:00,2026-03-26T23:54:00,8.6,3,2026-03-25T00:44:00,0,0
C1169,D89143,4.6,8.5,14,1,0.43,0.68,1,1,0.54,1,0.34,1,DEL,B737,23:00,08:45,2026-03-26T23:29:00,2026-03-27T10:05:00,22:59,"[""COK"", ""MAA"", ""COK""]",2026-03-27T10:33:00,2026-03-28T01:51:00,5.7,2,2026-03-26T03:01:00,1,0
C1113,D89144,1.8,8.4,4,1,0.97,0.53,0,1,0.21,0,0.78,0,DEL,B787,22:30,07:15,2026-03-27T06:42:00,2026-03-27T15:36:00,06:12,"[""COK"", ""MAA"", ""COK""]",2026-03-27T16:08:00,2026-03-28T07:08:00,9.5,5,2026-03-27T06:18:00,0,1
C1073,D89145,3.4,3.3,12,0,0.63,0.32,0,2,0.51,1,0.81,0,MAA,B787,22:45,06:45,2026-03-28T13:55:00,2026-03-28T22:25:00,13:25,"[""BOM"", ""HYD"", ""BOM"", ""BLR""]",2026-03-28T22:52:00,2026-03-29T18:40:00,10.4,3,2026-03-28T09:35:00,0,0
C1067,D89146,1.5,1.8,3,1,0.89,0.19,0,2,0.13,0,0.77,0,BOM,A321,23:15,08:15,2026-03-29T20:08:00,2026-03-30T07:02:00,19:38,"[""HYD"", ""PNQ"", ""HYD""]",2026-03-30T07:42:00,2026-03-30T22:42:00,9.4,3,2026-03-29T12:52:00,0,1
C1089,D89147,1.1,7.4,9,1,0.72,0.19,0,2,0.33,0,0.8,0,BOM,A320,22:30,07:45,2026-03-30T03:21:00,2026-03-30T15:21:00,02:51,"[""DEL"", ""MAA"", ""DEL""]",2026-03-30T15:53:00,2026-03-31T03:53:00,9.2,3,2026-03-30T15:09:00,0,0
C1156,D89148,5.0,13.3,18,0,0.7,0.38,2,5,0.56,3,0.65,0,HYD,B787,23:30,07:00,2026-03-31T10:34:00,2026-03-31T20:58:00,10:04,"[""BLR"", ""HYD"", ""BLR"", ""MAA""]",2026-03-31T21:19:00,2026-04-01T13:49:00,7.6,4,2026-03-31T18:26:00,1,2
C1118,D89149,2.7,4.9,0,-1,0.85,0.08,0,2,0.24,0,0.63,0,BOM,A320,23:00,08:45,2026-04-01T17:47:00,2026-04-02T04:29:00,17:17,"[""BLR"", ""HYD"", ""BLR"", ""MAA""]",2026-04-02T04:54:00,2026-04-02T23:24:00,8.6,5,2026-04-01T21:43:00,0,0
C1073,D89150,7.1,15.5,18,2,0.29,0.63,3,4,0.68,1,0.15,1,BLR,B737,23:00,08:30,2026-04-02T00:00:00,2026-04-02T10:00:00,23:30,"[""DEL"", ""BOM"", ""DEL"", ""HYD""]",2026-04-02T10:27:00,2026-04-03T00:51:00,6.8,2,2026-04-02T00:00:00,2,0
C1139,D89151,7.7,17.0,22,0,0.58,0.23,2,6,0.48,2,0.59,0,PNQ,A321,23:45,08:00,2026-04-03T07:13:00,2026-04-03T17:19:00,06:43,"[""HYD"", ""MAA"", ""HYD""]",2026-04-03T17:52:00,2026-04-04T09:40:00,8.6,4,2026-04-03T03:17:00,0,3
C1148,D89152,1.7,6.7,3,0,0.58,0.24,0,1,0.24,1,0.83,0,DEL,A321,22:30,07:45,2026-04-04T14:26:00,2026-04-05T01:56:00,13:56,"[""PNQ"", ""BOM"", ""PNQ""]",2026-04-05T02:17:00,2026-04-05T20:29:00,9.4,5,2026-04-04T06:34:00,0,0
C1071,D89153,6.5,16.5,23,1,0.45,0.61,1,4,0.48,3,0.21,1,HYD,A321,23:45,08:45,2026-04-05T21:39:00,2026-04-06T06:03:00,21:09,"[""DEL"", ""BOM"", ""DEL"", ""HYD""]",2026-04-06T06:38:00,2026-04-06T20:38:00,6.5,2,2026-04-05T09:51:00,0,0
C1051,D89154,5.3,13.0,19,1,0.49,0.6,1,4,0.44,1,0.45,1,BOM,B737,22:15,06:30,2026-04-06T04:52:00,2026-04-06T16:28:00,04:22,"[""DEL"", ""BLR"", ""DEL""]",2026-04-06T17:13:00,2026-04-07T05:19:00,6.0,2,2026-04-06T12:08:00,1,0
C1144,D89155,0.6,7.9,0,0,0.58,0.05,0,3,0.44,0,0.94,0,DEL,B737,23:30,08:45,2026-04-07T11:05:00,2026-04-07T19:35:00,10:35,"[""BOM"", ""HYD"", ""BOM"", ""BLR""]",2026-04-07T20:06:00,2026-04-08T13:54:00,8.9,4,2026-04-07T15:25:00,1,1
C1028,D89156,6.3,13.7,19,-1,0.42,0.78,3,7,0.85,1,0.25,1,COK,B737,22:45,07:30,2026-04-08T18:18:00,2026-04-09T03:30:00,17:48,"[""DEL"", ""BOM"", ""DEL"", ""HYD""]",2026-04-09T04:00:00,2026-04-09T23:24:00,5.2,3,2026-04-08T18:42:00,1,3
C1060,D89157,0.7,7.5,8,-1,0.67,0.01,0,1,0.55,0,0.79,0,HYD,A320,23:15,06:45,2026-04-09T01:31:00,2026-04-09T13:13:00,01:01,"[""HYD"", ""MAA"", ""HYD""]",2026-04-09T13:53:00,2026-04-10T07:17:00,8.9,3,2026-04-09T21:59:00,0,0
C1121,D89158,3.3,1.9,4,0,0.75,0.33,0,2,0.5,1,0.59,0,HYD,B737,23:45,07:45,2026-04-10T08:44:00,2026-04-10T18:32:00,08:14,"[""DEL"", ""BOM"", ""BLR"", ""DEL""]",2026-04-10T19:04:00,2026-04-11T07:16:00,8.9,4,2026-04-10T00:16:00,0,0
C1219,D89159,6.9,13.5,13,0,0.79,0.14,3,8,0.44,2,0.87,0,BLR,B737,22:45,08:15,2026-04-11T15:57:00,2026-04-12T00:27:00,15:27,"[""DEL"", ""BOM"", ""DEL"", ""HYD""]",2026-04-12T00:46:00,2026-04-12T17:34:00,8.2,3,2026-04-11T03:33:00,1,1
C1053,D89160,1.5,2.3,1,1,0.69,0.28,1,2,0.34,0,0.86,0,MAA,B787,23:30,07:45,2026-04-12T22:10:00,2026-04-13T08:58:00,21:40,"[""BOM"", ""BLR"", ""BOM""]",2026-04-13T09:27:00,2026-04-14T00:45:00,8.5,3,2026-04-12T06:50:00,0,1
C1131,D89161,4.5,10.5,14,0,0.43,0.69,1,4,0.77,0,0.34,1,HYD,B787,22:30,06:30,2026-04-13T05:23:00,2026-04-13T15:47:00,04:53,"[""DEL"", ""MAA"", ""DEL""]",2026-04-13T16:13:00,2026-04-14T08:55:00,5.5,3,2026-04-13T09:07:00,0,0
C1126,D89162,5.6,18.0,19,2,0.43,0.59,0,4,0.75,3,0.4,1,COK,B787,23:15,08:15,2026-04-14T12:36:00,2026-04-14T21:24:00,12:06,"[""COK"", ""MAA"", ""COK""]",2026-04-14T21:53:00,2026-04-15T15:17:00,4.7,1,2026-04-14T12:24:00,3,2
C1080,D89163,1.3,2.5,14,-2,0.59,0.71,2,1,0.55,1,0.18,1,PNQ,B737,23:45,08:30,2026-04-15T19:49:00,2026-04-16T04:07:00,19:19,"[""MAA"", ""DEL"", ""MAA""]",2026-04-16T04:27:00,2026-04-17T00:09:00,6.0,2,2026-04-15T15:41:00,0,1
C1042,D89164,1.5,5.1,7,-1,0.9,0.36,0,1,0.15,0,0.89,0,MAA,A320,23:15,07:00,2026-04-16T02:02:00,2026-04-16T10:26:00,01:32,"[""COK"", ""MAA"", ""COK""]",2026-04-16T10:57:00,2026-04-17T00:45:00,7.9,4,2026-04-16T18:58:00,0,0
C1112,D89165,1.6,7.5,1,-1,0.9,0.35,0,1,0.2,0,0.52,0,MAA,A320,22:15,06:00,2026-04-17T09:15:00,2026-04-17T17:27:00,08:45,"[""COK"", ""MAA"", ""COK""]",2026-04-17T17:47:00,2026-04-18T08:05:00,8.3,5,2026-04-17T21:15:00,0,0
C1103,D89166,6.2,15.3,18,-2,0.52,0.6,2,8,0.68,4,0.25,1,HYD,B737,22:15,06:15,2026-04-18T16:28:00,2026-04-19T01:40:00,15:58,"[""PNQ"", ""BOM"", ""PNQ""]",2026-04-19T02:01:00,2026-04-19T15:01:00,5.5,3,2026-04-18T00:32:00,3,0
C1208,D89167,0.6,8.0,10,0,0.55,0.39,1,2,0.19,0,0.53,0,PNQ,B737,22:00,07:45,2026-04-19T23:41:00,2026-04-20T11:11:00,23:11,"[""HYD"", ""PNQ"", ""HYD""]",2026-04-20T11:49:00,2026-04-21T07:13:00,10.3,4,2026-04-19T03:49:00,0,0
C1215,D89168,5.8,14.8,21,-2,0.25,0.63,3,7,0.56,2,0.4,1,PNQ,B737,22:45,07:00,2026-04-20T06:54:00,2026-04-20T16:42:00,06:24,"[""COK"", ""MAA"", ""COK""]",2026-04-20T16:58:00,2026-04-21T12:40:00,5.3,2,2026-04-20T06:06:00,1,3
C1145,D89169,2.3,3.7,10,0,0.87,0.01,0,2,0.27,0,0.75,0,MAA,A320,22:30,06:00,2026-04-21T13:07:00,2026-04-21T23:07:00,12:37,"[""BOM"", ""BLR"", ""BOM""]",2026-04-21T23:38:00,2026-04-22T12:14:00,9.5,4,2026-04-21T09:23:00,0,0
C1075,D89170,6.2,17.6,21,1,0.52,0.59,1,6,0.81,3,0.36,1,HYD,A320,22:45,08:00,2026-04-22T20:20:00,2026-04-23T08:08:00,19:50,"[""DEL"", ""BOM"", ""BLR"", ""DEL""]",2026-04-23T08:30:00,2026-04-24T01:00:00,6.8,2,2026-04-22T12:40:00,1,0
C1170,D89171,2.9,4.7,0,1,0.89,0.06,0,3,0.25,0,0.84,0,BOM,A321,22:45,08:15,2026-04-23T03:33:00,2026-04-23T13:57:00,03:03,"[""HYD"", ""PNQ"", ""HYD""]",2026-04-23T14:21:00,2026-04-24T05:03:00,9.0,4,2026-04-23T15:57:00,0,1
C1053,D89172,2.2,7.7,13,1,0.35,0.76,2,1,0.8,0,0.25,1,HYD,B787,23:45,07:45,2026-04-24T10:46:00,2026-04-24T21:34:00,10:16,"[""BLR"", ""COK"", ""BLR""]",2026-04-24T21:54:00,2026-04-25T15:42:00,5.3,2,2026-04-24T18:14:00,0,0
C1173,D89173,3.3,1.8,1,0,0.7,0.39,0,2,0.19,0,0.67,0,BLR,A320,23:30,06:00,2026-04-25T17:59:00,2026-04-26T03:11:00,17:29,"[""COK"", ""MAA"", ""COK""]",2026-04-26T03:40:00,2026-04-26T17:28:00,8.4,5,2026-04-25T21:31:00,1,1
C1066,D89174,7.3,18.3,17,-2,0.44,0.84,1,6,0.66,2,0.18,1,HYD,B787,23:30,06:15,2026-04-26T00:12:00,2026-04-26T12:12:00,23:42,"[""BLR"", ""COK"", ""BLR""]",2026-04-26T12:48:00,2026-04-27T01:42:00,6.9,1,2026-04-26T00:48:00,0,0
C1113,D89175,2.7,3.1,1,1,0.86,0.29,0,1,0.17,0,0.48,0,BLR,B787,22:45,06:45,2026-04-27T07:25:00,2026-04-27T16:31:00,06:55,"[""HYD"", ""MAA"", ""HYD""]",2026-04-27T17:06:00,2026-04-28T12:06:00,9.4,3,2026-04-27T03:05:00,1,1
C1155,D89176,2.6,0.8,1,-1,0.79,0.12,1,2,0.27,0,0.66,0,HYD,B787,23:15,08:45,2026-04-28T14:38:00,2026-04-28T23:08:00,14:08,"[""COK"", ""MAA"", ""COK""]",2026-04-28T23:53:00,2026-04-29T14:29:00,10.3,4,2026-04-28T06:22:00,0,0
C1052,D89177,6.0,14.5,24,0,0.56,0.67,3,8,0.76,3,0.36,1,BOM,A320,23:15,08:00,2026-04-29T21:51:00,2026-04-30T09:39:00,21:21,"[""DEL"", ""BOM"", ""DEL"", ""HYD""]",2026-04-30T10:19:00,2026-05-01T01:19:00,5.8,3,2026-04-29T09:39:00,0,0
C1222,D89178,3.5,7.3,7,-1,0.63,0.23,0,2,0.47,0,0.81,0,COK,A321,22:30,08:00,2026-04-30T04:04:00,2026-04-30T15:22:00,03:34,"[""BLR"", ""HYD"", ""BLR"", ""MAA""]",2026-04-30T15:57:00,2026-05-01T07:09:00,7.7,3,2026-04-30T12:56:00,0,0
C1212,D89179,3.3,1.1,8,1,0.8,0.1,0,1,0.15,0,0.95,0,BOM,B787,22:45,08:45,2026-05-01T11:17:00,2026-05-01T23:05:00,10:47,"[""HYD"", ""PNQ"", ""HYD""]",2026-05-01T23:37:00,2026-05-02T17:19:00,8.4,5,2026-05-01T15:13:00,0,0
C1138,D89180,7.7,16.3,17,-1,0.54,0.76,3,6,0.65,3,0.19,1,MAA,B787,22:30,08:15,2026-02-01T18:30:00,2026-02-02T05:30:00,18:00,"[""HYD"", ""PNQ"", ""HYD""]",2026-02-02T06:00:00,2026-02-02T22:24:00,6.2,3,2026-02-01T18:30:00,0,1
C1103,D89181,4.8,15.1,16,0,0.88,0.25,2,5,0.2,3,0.92,0,PNQ,B737,23:45,07:15,2026-02-02T01:43:00,2026-02-02T13:25:00,01:13,"[""DEL"", ""BOM"", ""BLR"", ""DEL""]",2026-02-02T14:03:00,2026-02-03T07:51:00,7.9,3,2026-02-02T21:47:00,0,0
C1057,D89182,6.3,16.2,19,0,0.56,0.54,3,4,0.44,1,0.32,1,PNQ,B787,23:15,06:15,2026-02-03T08:56:00,2026-02-03T17:20:00,08:26,"[""HYD"", ""MAA"", ""HYD""]",2026-02-03T17:43:00,2026-02-04T07:07:00,6.0,3,2026-02-03T00:04:00,3,0
C1167,D89183,4.5,9.6,3,1,0.45,0.64,1,2,0.65,0,0.25,1,BOM,B737,22:45,08:45,2026-02-04T15:09:00,2026-02-05T01:09:00,14:39,"[""HYD"", ""PNQ"", ""HYD""]",2026-02-05T01:32:00,2026-02-05T19:02:00,5.3,2,2026-02-04T03:21:00,0,0
C1165,D89184,2.7,3.0,4,0,0.75,0.17,0,3,0.54,1,0.51,0,BLR,A320,22:45,08:45,2026-02-05T22:22:00,2026-02-06T08:22:00,21:52,"[""COK"", ""MAA"", ""COK""]",2026-02-06T09:00:00,2026-02-07T04:00:00,9.0,4,2026-02-05T06:38:00,0,0
C1215,D89185,1.0,3.1,9,0,0.92,0.2,0,2,0.32,0,0.93,0,HYD,A320,22:15,08:15,2026-02-06T05:35:00,2026-02-06T16:29:00,05:05,"[""BOM"", ""BLR"", ""BOM""]",2026-02-06T16:49:00,2026-02-07T08:19:00,9.2,4,2026-02-06T09:55:00,0,0
C1093,D89186,2.6,4.4,10,0,0.89,0.43,0,1,0.19,0,0.63,0,COK,A321,23:00,07:30,2026-02-07T12:48:00,2026-02-07T21:30:00,12:18,"[""DEL"", ""BLR"", ""DEL""]",2026-02-07T22:03:00,2026-02-08T12:33:00,8.5,3,2026-02-07T12:12:00,1,0
C1080,D89187,1.4,2.3,4,0,0.68,0.24,0,3,0.36,1,0.81,0,BOM,B787,23:00,06:15,2026-02-08T19:01:00,2026-02-09T04:55:00,18:31,"[""COK"", ""MAA"", ""COK""]",2026-02-09T05:28:00,2026-02-09T20:04:00,8.0,4,2026-02-08T15:29:00,0,0
C1167,D89188,6.6,12.4,18,1,0.41,0.71,2,3,0.78,1,0.23,1,PNQ,A320,23:45,07:45,2026-02-09T02:14:00,2026-02-09T12:38:00,01:44,"[""DEL"", ""BLR"", ""DEL""]",2026-02-09T13:09:00,2026-02-10T02:27:00,5.3,2,2026-02-09T18:46:00,2,3
C1099,D89189,3.6,8.6,2,1,0.58,0.04,0,1,0.28,0,0.86,0,COK,B787,22:45,08:45,2026-02-10T09:27:00,2026-02-10T20:45:00,08:57,"[""BLR"", ""COK"", ""BLR""]",2026-02-10T21:07:00,2026-02-11T15:13:00,7.5,5,2026-02-10T21:03:00,0,0
C1047,D89190,6.0,19.6,20,-2,0.35,0.5,3,5,0.59,3,0.12,1,BOM,B737,23:45,08:45,2026-02-11T16:40:00,2026-02-12T00:46:00,16:10,"[""BLR"", ""HYD"", ""BLR"", ""MAA""]",2026-02-12T01:06:00,2026-02-12T14:24:00,5.8,3,2026-02-11T00:20:00,2,0
C1197,D89191,0.9,6.9,4,0,0.83,0.21,0,3,0.3,0,0.71,0,MAA,B787,22:15,06:30,2026-02-12T23:53:00,2026-02-13T11:41:00,23:23,"[""BLR"", ""COK"", ""BLR""]",2026-02-13T12:14:00,2026-02-14T02:20:00,7.5,4,2026-02-12T03:37:00,0,0
C1154,D89192,2.4,4.6,0,1,0.7,0.17,0,2,0.04,0,0.85,0,BOM,A321,23:45,07:30,2026-02-13T06:06:00,2026-02-13T18:00:00,05:36,"[""BLR"", ""COK"", ""BLR""]",2026-02-13T18:34:00,2026-02-14T08:34:00,7.7,3,2026-02-13T06:54:00,0,0
C1210,D89193,2.3,1.0,5,0,0.96,0.27,0,1,0.5,0,0.97,0,HYD,A321,23:30,08:15,2026-02-14T13:19:00,2026-02-14T22:25:00,12:49,"[""BOM"", ""HYD"", ""BOM"", ""BLR""]",2026-02-14T22:41:00,2026-02-15T15:29:00,8.8,5,2026-02-14T09:11:00,0,1
C1069,D89194,1.5,4.3,0,0,0.74,0.31,0,3,0.36,0,0.74,0,PNQ,B787,22:15,08:45,2026-02-15T20:32:00,2026-02-16T05:32:00,20:02,"[""DEL"", ""BOM"", ""DEL"", ""HYD""]",2026-02-16T06:08:00,2026-02-17T00:56:00,8.3,4,2026-02-15T12:28:00,1,1
C1043,D89195,1.9,3.8,2,0,0.72,0.3,0,1,0.21,1,0.81,0,BOM,A321,23:45,07:15,2026-02-16T03:45:00,2026-02-16T13:27:00,03:15,"[""DEL"", ""MAA"", ""DEL""]",2026-02-16T13:50:00,2026-02-17T04:26:00,7.6,4,2026-02-16T15:45:00,0,1
C1115,D89196,2.5,6.7,9,0,0.88,0.18,1,2,0.54,0,0.74,0,MAA,B787,22:30,08:15,2026-02-17T10:58:00,2026-02-17T19:40:00,10:28,"[""BOM"", ""HYD"", ""BOM"", ""BLR""]",2026-02-17T20:10:00,2026-02-18T13:40:00,8.0,3,2026-02-17T18:02:00,0,0
C1117,D89197,4.8,9.4,10,1,0.64,0.93,0,2,0.64,0,0.22,1,PNQ,B787,22:45,07:00,2026-02-18T17:11:00,2026-02-19T04:05:00,16:41,"[""DEL"", ""MAA"", ""DEL""]",2026-02-19T04:40:00,2026-02-20T00:34:00,6.7,3,2026-02-18T21:19:00,0,0
C1205,D89198,5.8,16.6,19,0,0.51,0.72,4,4,0.57,2,0.25,1,BLR,B787,23:45,08:30,2026-02-19T00:24:00,2026-02-19T10:42:00,23:54,"[""DEL"", ""MAA"", ""DEL""]",2026-02-19T10:58:00,2026-02-20T05:04:00,6.8,2,2026-02-19T00:36:00,2,2
C1060,D89199,0.5,7.9,9,1,0.89,0.11,0,3,0.07,0,0.7,0,COK,A321,23:30,07:45,2026-02-20T07:37:00,2026-02-20T18:13:00,07:07,"[""MAA"", ""DEL"", ""MAA""]",2026-02-20T18:44:00,2026-02-21T10:38:00,9.1,4,2026-02-20T03:53:00,1,0
C1146,D89200,0.7,8.6,5,0,0.72,0.48,0,1,0.26,0,0.63,0,PNQ,A320,22:45,08:15,2026-02-21T14:50:00,2026-02-21T23:50:00,14:20,"[""HYD"", ""PNQ"", ""HYD""]",2026-02-22T00:28:00,2026-02-22T13:58:00,8.5,5,2026-02-21T06:10:00,0,0
C1189,D89201,1.3,7.0,3,1,0.82,0.17,0,2,0.37,0,0.73,0,MAA,B787,23:00,08:45,2026-02-22T21:03:00,2026-02-23T08:27:00,20:33,"[""BOM"", ""BLR"", ""BOM""]",2026-02-23T09:05:00,2026-02-24T04:11:00,8.0,3,2026-02-22T09:27:00,0,0
C1222,D89202,2.1,5.8,12,1,0.8,0.25,1,1,0.55,1,0.77,0,COK,B737,22:45,07:15,2026-02-23T04:16:00,2026-02-23T13:04:00,03:46,"[""BOM"", ""BLR"", ""BOM""]",2026-02-23T13:43:00,2026-02-24T03:37:00,8.4,4,2026-02-23T12:44:00,0,0
C1101,D89203,1.6,5.4,2,0,0.73,0.46,1,2,0.43,0,0.6,0,HYD,B737,23:45,07:00,2026-02-24T11:29:00,2026-02-24T22:29:00,10:59,"[""BLR"", ""HYD"", ""BLR"", ""MAA""]",2026-02-24T22:45:00,2026-02-25T18:27:00,9.6,4,2026-02-24T15:01:00,0,1
C1113,D89204,0.8,4.1,4,-1,0.63,0.32,0,3,0.4,0,0.83,0,BOM,B737,23:00,06:00,2026-02-25T18:42:00,2026-02-26T05:18:00,18:12,"[""BOM"", ""COK"", ""BOM""]",2026-02-26T05:50:00,2026-02-26T20:50:00,9.3,4,2026-02-25T18:18:00,0,1
C1095,D89205,5.3,17.2,21,-1,0.56,0.92,4,5,0.86,2,0.43,1,BLR,B737,22:30,07:00,2026-02-26T01:55:00,2026-02-26T10:31:00,01:25,"[""BOM"", ""HYD"", ""BOM"", ""BLR""]",2026-02-26T10:59:00,2026-02-27T02:23:00,5.3,3,2026-02-26T21:35:00,2,0
C1147,D89206,3.0,1.6,8,1,0.67,0.48,1,1,0.52,1,0.9,0,COK,B737,22:15,08:30,2026-02-27T08:08:00,2026-02-27T17:56:00,07:38,"[""HYD"", ""PNQ"", ""HYD""]",2026-02-27T18:33:00,2026-02-28T12:27:00,9.5,3,2026-02-27T00:52:00,0,1
C1133,D89207,1.6,2.8,9,-1,0.83,0.31,0,1,0.4,0,0.53,0,BLR,B737,22:15,06:30,2026-02-28T15:21:00,2026-03-01T00:03:00,14:51,"[""BOM"", ""COK"", ""BOM""]",2026-03-01T00:25:00,2026-03-01T19:55:00,9.5,3,2026-02-28T03:09:00,0,1
C1078,D89208,0.5,7.4,6,0,0.78,0.27,0,2,0.37,0,0.81,0,BLR,B787,23:00,07:00,2026-03-01T22:34:00,2026-03-02T06:34:00,22:04,"[""HYD"", ""PNQ"", ""HYD""]",2026-03-02T07:02:00,2026-03-02T22:14:00,7.6,5,2026-03-01T06:26:00,0,0
C1048,D89209,4.5,7.4,10,-1,0.28,0.64,0,1,0.97,0,0.43,1,DEL,B787,22:30,07:30,2026-03-02T05:47:00,2026-03-02T17:23:00,05:17,"[""BOM"", ""COK"", ""BOM""]",2026-03-02T17:57:00,2026-03-03T08:33:00,6.2,2,2026-03-02T09:43:00,0,0
C1029,D89210,2.8,4.6,11,-1,0.42,0.57,0,1,0.78,0,0.45,1,BOM,A320,22:45,07:00,2026-03-03T12:00:00,2026-03-03T21:00:00,11:30,"[""BOM"", ""COK"", ""BOM""]",2026-03-03T21:20:00,2026-03-04T15:08:00,5.3,2,2026-03-03T12:00:00,0,1
C1100,D89211,7.5,17.9,22,1,0.5,0.45,3,4,0.64,2,0.26,1,HYD,A321,23:30,08:45,2026-03-04T19:13:00,2026-03-05T03:43:00,18:43,"[""BOM"", ""COK"", ""BOM""]",2026-03-05T04:18:00,2026-03-05T22:24:00,7.2,3,2026-03-04T15:17:00,2,1
C1109,D89212,7.2,13.6,23,2,0.44,0.51,3,4,0.97,3,0.38,1,BOM,A321,22:15,08:30,2026-03-05T02:26:00,2026-03-05T12:32:00,01:56,"[""HYD"", ""PNQ"", ""HYD""]",2026-03-05T12:51:00,2026-03-06T05:21:00,7.4,2,2026-03-05T18:34:00,1,0
C1158,D89213,3.1,3.3,4,0,0.7,0.21,0,2,0.34,0,0.71,0,COK,B737,22:00,06:45,2026-03-06T09:39:00,2026-03-06T18:15:00,09:09,"[""COK"", ""MAA"", ""COK""]",2026-03-06T18:56:00,2026-03-07T08:14:00,7.3,5,2026-03-06T21:51:00,0,0
C1085,D89214,5.2,16.3,23,-1,0.29,0.74,2,5,0.57,2,0.32,1,HYD,A321,22:30,07:00,2026-03-07T16:52:00,2026-03-08T02:22:00,16:22,"[""DEL"", ""BOM"", ""BLR"", ""DEL""]",2026-03-08T02:45:00,2026-03-08T15:39:00,6.7,3,2026-03-07T00:08:00,0,1
C1142,D89215,1.1,6.5,11,0,0.71,0.42,1,2,0.19,0,0.74,0,COK,B787,22:45,06:45,2026-03-08T23:05:00,2026-03-09T09:47:00,22:35,"[""BOM"", ""BLR"", ""BOM""]",2026-03-09T10:26:00,2026-03-10T05:02:00,9.5,3,2026-03-08T03:25:00,0,0
C1147,D89216,6.7,14.6,25,-1,0.59,0.43,3,8,0.25,4,0.67,0,BLR,B737,23:15,07:45,2026-03-09T06:18:00,2026-03-09T17:24:00,05:48,"[""DEL"", ""PNQ"", ""DEL"", ""BOM""]",2026-03-09T17:53:00,2026-03-10T11:29:00,9.7,4,2026-03-09T06:42:00,3,1
C1185,D89217,6.8,14.5,24,2,0.4,0.74,3,6,0.61,3,0.33,1,BOM,B737,22:00,06:30,2026-03-10T13:31:00,2026-03-11T01:07:00,13:01,"[""BLR"", ""COK"", ""BLR""]",2026-03-11T01:42:00,2026-03-11T18:12:00,5.7,2,2026-03-10T09:59:00,0,3
C1216,D89218,5.6,13.5,18,0,0.88,0.36,2,4,0.26,4,0.54,0,PNQ,B787,23:15,07:15,2026-03-11T20:44:00,2026-03-12T08:08:00,20:14,"[""DEL"", ""MAA"", ""DEL""]",2026-03-12T08:35:00,2026-03-13T01:35:00,10.3,4,2026-03-11T12:16:00,2,2
C1122,D89219,2.5,9.1,10,0,0.75,0.54,1,2,0.34,0,0.84,0,HYD,B787,23:45,06:15,2026-03-12T03:57:00,2026-03-12T12:03:00,03:27,"[""COK"", ""MAA"", ""COK""]",2026-03-12T12:35:00,2026-03-13T05:47:00,8.7,3,2026-03-12T15:33:00,1,0
C1111,D89220,2.6,1.8,6,-1,0.95,0.22,0,2,0.2,0,0.79,0,MAA,A320,22:00,08:45,2026-03-13T10:10:00,2026-03-13T21:04:00,09:40,"[""BLR"", ""COK"", ""BLR""]",2026-03-13T21:25:00,2026-03-14T11:25:00,9.5,4,2026-03-13T18:50:00,1,0
C1176,D89221,5.9,15.7,20,-1,0.74,0.12,2,7,0.23,3,0.73,0,DEL,A321,22:00,06:30,2026-03-14T17:23:00,2026-03-15T02:53:00,16:53,"[""DEL"", ""BOM"", ""DEL"", ""HYD""]",2026-03-15T03:33:00,2026-03-15T22:45:00,9.5,4,2026-03-14T21:07:00,1,0
C1167,D89222,5.6,14.2,25,-1,0.29,0.77,4,5,0.97,2,0.35,1,MAA,A321,22:45,06:15,2026-03-15T00:36:00,2026-03-15T12:36:00,00:06,"[""DEL"", ""BOM"", ""BLR"", ""DEL""]",2026-03-15T13:01:00,2026-03-16T08:31:00,5.4,3,2026-03-15T00:24:00,1,0
C1191,D89223,1.9,3.9,0,1,0.61,0.44,0,2,0.38,0,0.78,0,BLR,A321,23:15,07:45,2026-03-16T07:49:00,2026-03-16T17:25:00,07:19,"[""BLR"", ""HYD"", ""BLR"", ""MAA""]",2026-03-16T17:42:00,2026-03-17T09:36:00,9.5,4,2026-03-16T03:41:00,1,0
C1148,D89224,6.2,16.8,21,-1,0.55,0.56,4,6,0.9,1,0.38,1,BOM,A320,23:15,06:30,2026-03-17T14:02:00,2026-03-17T22:20:00,13:32,"[""HYD"", ""MAA"", ""HYD""]",2026-03-17T22:50:00,2026-03-18T12:32:00,6.2,1,2026-03-17T06:58:00,0,0
C1186,D89225,0.9,4.4,10,0,0.83,0.41,0,1,0.33,0,0.95,0,HYD,B737,22:45,07:00,2026-03-18T21:15:00,2026-03-19T07:45:00,20:45,"[""BLR"", ""HYD"", ""BLR"", ""MAA""]",2026-03-19T08:01:00,2026-03-20T01:37:00,8.0,4,2026-03-18T09:15:00,0,1
C1137,D89226,6.4,13.9,18,1,0.47,0.66,1,5,0.5,3,0.34,1,DEL,A321,22:45,06:00,2026-03-19T04:28:00,2026-03-19T15:34:00,03:58,"[""HYD"", ""PNQ"", ""HYD""]",2026-03-19T15:51:00,2026-03-20T05:45:00,7.0,1,2026-03-19T12:32:00,0,1
C1180,D89227,6.7,16.6,17,-1,0.29,0.53,1,4,0.75,3,0.33,1,BOM,B737,22:00,08:00,2026-03-20T11:41:00,2026-03-20T21:17:00,11:11,"[""PNQ"", ""BOM"", ""PNQ""]",2026-03-20T21:32:00,2026-03-21T14:26:00,6.0,2,2026-03-20T15:49:00,0,0
C1066,D89228,1.6,0.7,0,0,0.69,0.49,0,1,0.39,0,0.85,0,BOM,B787,23:15,06:30,2026-03-21T18:54:00,2026-03-22T05:24:00,18:24,"[""DEL"", ""BLR"", ""DEL""]",2026-03-22T06:09:00,2026-03-23T01:51:00,10.1,4,2026-03-21T18:06:00,0,0
C1088,D89229,1.6,0.7,11,0,0.69,0.35,1,1,0.25,0,0.78,0,BLR,B787,23:30,08:30,2026-03-22T01:07:00,2026-03-22T10:01:00,00:37,"[""DEL"", ""BLR"", ""DEL""]",2026-03-22T10:31:00,2026-03-22T23:25:00,9.3,5,2026-03-22T21:23:00,0,0
C1189,D89230,3.0,8.0,9,1,0.72,0.25,0,1,0.38,0,0.61,0,BLR,A320,22:00,06:00,2026-03-23T08:20:00,2026-03-23T16:20:00,07:50,"[""MAA"", ""DEL"", ""MAA""]",2026-03-23T17:02:00,2026-03-24T05:26:00,8.4,4,2026-03-23T00:40:00,0,1
C1046,D89231,7.6,14.2,18,-1,0.44,0.68,1,5,0.71,1,0.48,1,HYD,A320,22:15,07:45,2026-03-24T15:33:00,2026-03-25T01:03:00,15:03,"[""DEL"", ""BLR"", ""DEL""]",2026-03-25T01:42:00,2026-03-25T13:54:00,7.1,2,2026-03-24T03:57:00,2,1
C1199,D89232,1.9,4.9,7,1,0.88,0.43,0,1,0.56,0,0.6,0,BOM,B737,23:15,08:30,2026-03-25T22:46:00,2026-03-26T10:40:00,22:16,"[""DEL"", ""BOM"", ""BLR"", ""DEL""]",2026-03-26T11:24:00,2026-03-26T23:36:00,7.9,4,2026-03-25T06:14:00,0,1
C1104,D89233,1.0,3.0,4,0,0.64,0.26,0,1,0.35,1,0.63,0,HYD,B737,22:30,08:30,2026-03-26T05:59:00,2026-03-26T16:11:00,05:29,"[""COK"", ""MAA"", ""COK""]",2026-03-26T16:35:00,2026-03-27T06:41:00,9.9,4,2026-03-26T09:31:00,1,0
C1138,D89234,5.8,12.7,19,-1,0.72,0.25,1,5,0.29,2,0.86,0,BOM,A320,22:45,07:15,2026-03-27T12:12:00,2026-03-27T22:06:00,11:42,"[""HYD"", ""MAA"", ""HYD""]",2026-03-27T22:43:00,2026-03-28T18:37:00,7.8,3,2026-03-27T12:48:00,3,1
C1177,D89235,1.7,5.9,9,1,0.65,0.33,0,2,0.42,0,0.71,0,MAA,A320,23:30,06:00,2026-03-28T19:25:00,2026-03-29T03:37:00,18:55,"[""COK"", ""MAA"", ""COK""]",2026-03-29T04:03:00,2026-03-29T23:15:00,8.0,3,2026-03-28T15:05:00,0,0
C1038,D89236,3.0,2.3,12,1,0.8,0.19,1,1,0.15,0,0.81,0,HYD,B787,23:15,06:45,2026-03-29T02:38:00,2026-03-29T12:20:00,02:08,"[""DEL"", ""BOM"", ""DEL"", ""HYD""]",2026-03-29T13:02:00,2026-03-30T02:08:00,8.6,4,2026-03-29T18:22:00,1,0
C1104,D89237,6.7,13.8,20,-1,0.49,0.55,0,6,0.74,1,0.33,1,COK,B787,23:15,06:45,2026-03-30T09:51:00,2026-03-30T21:03:00,09:21,"[""BLR"", ""HYD"", ""BLR"", ""MAA""]",2026-03-30T21:33:00,2026-03-31T09:39:00,6.5,2,2026-03-30T21:39:00,1,1
C1101,D89238,1.4,3.6,7,0,0.95,0.5,1,2,0.51,0,0.7,0,BOM,B737,22:15,06:45,2026-03-31T16:04:00,2026-04-01T02:22:00,15:34,"[""DEL"", ""BOM"", ""BLR"", ""DEL""]",2026-04-01T02:37:00,2026-04-01T17:07:00,8.8,3,2026-03-31T00:56:00,0,0
C1047,D89239,5.1,15.5,24,-1,0.51,0.67,3,7,0.88,2,0.32,1,MAA,A320,23:00,08:15,2026-04-01T23:17:00,2026-04-02T09:23:00,22:47,"[""PNQ"", ""BOM"", ""PNQ""]",2026-04-02T09:47:00,2026-04-02T23:47:00,6.8,3,2026-04-01T03:13:00,0,2
C1119,D89240,3.1,0.4,3,-1,0.64,0.28,0,1,0.43,1,0.54,0,HYD,B737,22:30,08:45,2026-04-02T06:30:00,2026-04-02T16:42:00,06:00,"[""BOM"", ""HYD"", ""BOM"", ""BLR""]",2026-04-02T17:10:00,2026-04-03T10:22:00,8.2,5,2026-04-02T06:30:00,0,0
C1124,D89241,7.0,16.8,18,1,0.28,0.49,2,8,0.51,0,0.43,1,BOM,A320,23:15,06:00,2026-04-03T13:43:00,2026-04-04T00:19:00,13:13,"[""PNQ"", ""BOM"", ""PNQ""]",2026-04-04T00:34:00,2026-04-04T12:58:00,7.0,3,2026-04-03T09:47:00,0,0
C1201,D89242,5.3,13.4,20,-1,0.41,0.7,1,5,0.8,3,0.34,1,COK,B737,23:30,08:45,2026-04-04T20:56:00,2026-04-05T05:32:00,20:26,"[""HYD"", ""MAA"", ""HYD""]",2026-04-05T06:11:00,2026-04-05T23:05:00,5.4,1,2026-04-04T12:04:00,2,2
C1108,D89243,1.0,7.7,6,2,0.39,0.52,0,3,0.83,1,0.27,1,MAA,B737,22:00,08:00,2026-04-05T03:09:00,2026-04-05T14:39:00,02:39,"[""MAA"", ""DEL"", ""MAA""]",2026-04-05T14:54:00,2026-04-06T07:54:00,5.3,3,2026-04-05T15:21:00,0,0
C1025,D89244,3.6,3.7,5,-1,0.97,0.12,0,1,0.44,0,0.9,0,DEL,A320,22:15,07:30,2026-04-06T10:22:00,2026-04-06T19:28:00,09:52,"[""BLR"", ""COK"", ""BLR""]",2026-04-06T20:01:00,2026-04-07T11:49:00,10.1,3,2026-04-06T18:38:00,0,0
C1210,D89245,1.4,4.1,4,1,0.73,0.28,0,1,0.22,0,0.58,0,COK,A320,23:30,06:30,2026-04-07T17:35:00,2026-04-08T03:23:00,17:05,"[""COK"", ""MAA"", ""COK""]",2026-04-08T03:55:00,2026-04-08T17:13:00,9.1,3,2026-04-07T21:55:00,0,0
C1191,D89246,2.6,4.7,5,-1,0.67,0.41,1,1,0.4,0,0.83,0,MAA,B737,22:15,06:45,2026-04-08T00:48:00,2026-04-08T09:06:00,00:18,"[""BLR"", ""HYD"", ""BLR"", ""MAA""]",2026-04-08T09:49:00,2026-04-08T22:43:00,8.8,3,2026-04-08T00:12:00,0,0
C1151,D89247,6.8,17.1,24,1,0.96,0.46,2,8,0.45,1,0.79,0,PNQ,A321,22:00,06:30,2026-04-09T07:01:00,2026-04-09T15:31:00,06:31,"[""DEL"", ""BLR"", ""DEL""]",2026-04-09T16:12:00,2026-04-10T10:24:00,8.0,3,2026-04-09T03:29:00,3,2
C1041,D89248,5.9,14.0,22,-1,0.49,0.6,4,4,0.86,3,0.29,1,HYD,A320,23:00,07:30,2026-04-10T14:14:00,2026-04-11T00:26:00,13:44,"[""BOM"", ""BLR"", ""BOM""]",2026-04-11T00:48:00,2026-04-11T18:36:00,7.1,1,2026-04-10T06:46:00,2,2
C1206,D89249,0.9,4.4,4,-1,0.75,0.44,0,2,0.41,0,0.95,0,HYD,A321,23:30,06:00,2026-04-11T21:27:00,2026-04-12T06:39:00,20:57,"[""DEL"", ""PNQ"", ""DEL"", ""BOM""]",2026-04-12T07:07:00,2026-04-12T20:01:00,7.8,5,2026-04-11T09:03:00,0,1
C1062,D89250,0.6,5.2,3,0,0.93,0.05,0,2,0.13,0,0.85,0,DEL,B737,23:45,06:00,2026-04-12T04:40:00,2026-04-12T12:58:00,04:10,"[""DEL"", ""BOM"", ""BLR"", ""DEL""]",2026-04-12T13:43:00,2026-04-13T07:01:00,8.7,4,2026-04-12T12:20:00,1,0
C1144,D89251,3.2,8.6,1,-1,0.57,0.23,0,1,0.32,0,0.63,0,DEL,B737,22:30,06:45,2026-04-13T11:53:00,2026-04-13T23:05:00,11:23,"[""HYD"", ""MAA"", ""HYD""]",2026-04-13T23:41:00,2026-04-14T15:29:00,8.6,5,2026-04-13T15:37:00,0,0
C1145,D89252,5.9,15.5,22,0,0.26,0.72,1,4,0.6,2,0.34,1,HYD,B787,22:15,08:30,2026-04-14T18:06:00,2026-04-15T04:06:00,17:36,"[""BOM"", ""BLR"", ""BOM""]",2026-04-15T04:34:00,2026-04-15T21:22:00,6.6,2,2026-04-14T18:54:00,1,0
C1129,D89253,5.5,19.2,17,0,0.55,0.74,1,5,0.89,2,0.36,1,MAA,A320,23:30,07:30,2026-04-15T01:19:00,2026-04-15T11:43:00,00:49,"[""HYD"", ""MAA"", ""HYD""]",2026-04-15T12:08:00,2026-04-16T07:32:00,5.9,2,2026-04-15T21:11:00,3,2
C1105,D89254,2.3,3.1,4,0,0.64,0.37,0,2,0.26,1,0.8,0,BOM,B787,23:15,07:45,2026-04-16T08:32:00,2026-04-16T19:26:00,08:02,"[""DEL"", ""BOM"", ""BLR"", ""DEL""]",2026-04-16T19:59:00,2026-04-17T11:41:00,8.3,4,2026-04-16T00:28:00,0,1
C1110,D89255,6.5,15.5,22,-2,0.42,0.96,3,4,0.48,0,0.32,1,MAA,B737,22:00,08:45,2026-04-17T15:45:00,2026-04-18T00:33:00,15:15,"[""DEL"", ""BOM"", ""BLR"", ""DEL""]",2026-04-18T01:09:00,2026-04-18T17:39:00,4.7,1,2026-04-17T03:45:00,0,1
C1025,D89256,7.3,16.8,18,-1,0.34,0.64,4,5,0.84,1,0.32,1,MAA,A321,22:15,07:00,2026-04-18T22:58:00,2026-04-19T06:58:00,22:28,"[""BOM"", ""HYD"", ""BOM"", ""BLR""]",2026-04-19T07:22:00,2026-04-19T22:52:00,6.4,3,2026-04-18T06:02:00,1,1
C1176,D89257,1.8,2.9,0,1,0.77,0.24,1,2,0.53,1,0.74,0,BLR,B737,23:30,06:30,2026-04-19T05:11:00,2026-04-19T16:47:00,04:41,"[""BLR"", ""HYD"", ""BLR"", ""MAA""]",2026-04-19T17:21:00,2026-04-20T12:21:00,7.8,3,2026-04-19T09:19:00,0,0
C1029,D89258,1.9,5.7,0,1,0.66,0.09,0,2,0.37,0,0.54,0,COK,A321,22:00,07:00,2026-04-20T12:24:00,2026-04-20T22:30:00,11:54,"[""BOM"", ""COK"", ""BOM""]",2026-04-20T22:59:00,2026-04-21T12:11:00,8.7,3,2026-04-20T12:36:00,0,1
C1059,D89259,1.4,8.0,3,0,0.65,0.16,1,2,0.29,0,0.81,0,PNQ,B737,22:15,08:15,2026-04-21T19:37:00,2026-04-22T04:37:00,19:07,"[""DEL"", ""BOM"", ""DEL"", ""HYD""]",2026-04-22T05:02:00,2026-04-22T23:50:00,9.1,5,2026-04-21T15:53:00,0,0
